level,hanja,mean,pron,hms
7ii,家,집,가,집 가
7__,歌,노래,가,노래 가
5ii,價,값,가,값 가
5__,加,더할,가,더할 가
5__,可,옳을,가,옳을 가
4ii,假,거짓,가,거짓 가
4ii,街,거리,가,거리 가
4__,暇,틈/겨를,가,틈/겨를 가
3ii,佳,아름다울,가,아름다울 가
3ii,架,시렁,가,시렁 가
6ii,各,각각,각,각각 각
6ii,角,뿔,각,뿔 각
4__,刻,새길,각,새길 각
4__,覺,깨달을,각,깨달을 각
3ii,脚,다리,각,다리 각
3ii,閣,집,각,집 각
3__,却,물리칠,각,물리칠 각
7ii,間,사이,간,사이 간
4__,簡,대쪽/간략할,간,대쪽/간략할 간
4__,看,볼,간,볼 간
4__,干,방패,간,방패 간
3ii,刊,새길,간,새길 간
3ii,幹,줄기,간,줄기 간
3ii,懇,간절할,간,간절할 간
3ii,肝,간,간,간 간
3__,姦,간음할,간,간음할 간
3__,渴,목마를,갈,목마를 갈
6__,感,느낄,감,느낄 감
4ii,減,덜,감,덜 감
4ii,監,볼,감,볼 감
4__,甘,달,감,달 감
4__,敢,감히/구태여,감,감히/구태여 감
3ii,鑑,거울,감,거울 감
4__,甲,갑옷,갑,갑옷 갑
7ii,江,강,강,강 강
6__,強,강할,강,강할 강
4ii,講,욀,강,욀 강
4ii,康,편안,강,편안 강
4__,降,내릴,강,내릴 강|항복할 항
3ii,剛,굳셀,강,굳셀 강
3ii,綱,벼리,강,벼리 강
3ii,鋼,강철,강,강철 강
6__,開,열,개,열 개
5__,改,고칠,개,고칠 개
4ii,個,낱,개,낱 개
3ii,槪,대개,개,대개 개
3ii,介,낄,개,낄 개
3ii,蓋,덮을,개,덮을 개
3__,皆,다,개,다 개
3__,慨,슬퍼할,개,슬퍼할 개
5ii,客,손,객,손 객
7ii,車,수레,거,수레 거|수레 차
5__,擧,들,거,들 거
5__,去,갈,거,갈 거
4__,拒,막을,거,막을 거
4__,居,살,거,살 거
4__,據,근거,거,근거 거
4__,巨,클,거,클 거
3ii,距,상거할,거,상거할 거
5__,件,물건,건,물건 건
5__,建,세울,건,세울 건
5__,健,굳셀,건,굳셀 건
3ii,乾,하늘/마를,건,하늘/마를 건
4__,傑,뛰어날,걸,뛰어날 걸
3__,乞,빌,걸,빌 걸
4ii,檢,검사할,검,검사할 검
4__,儉,검소할,검,검소할 검
3ii,劍,칼,검,칼 검
5ii,格,격식,격,격식 격
4__,擊,칠,격,칠 격
4__,激,격할,격,격할 격
3ii,隔,사이뜰,격,사이뜰 격
5ii,見,볼,견,볼 견|뵈올 현
4__,堅,굳을,견,굳을 견
4__,犬,개,견,개 견
3__,遣,보낼,견,보낼 견
3__,肩,어깨,견,어깨 견
3__,絹,비단,견,비단 견
3__,牽,이끌/끌,견,이끌/끌 견
5ii,結,맺을,결,맺을 결
5ii,決,결단할,결,결단할 결
4ii,潔,깨끗할,결,깨끗할 결
4ii,缺,이지러질,결,이지러질 결
3ii,訣,이별할,결,이별할 결
3ii,兼,겸할,겸,겸할 겸
3ii,謙,겸손할,겸,겸손할 겸
6__,京,서울,경,서울 경
5ii,敬,공경,경,공경 경
5__,輕,가벼울,경,가벼울 경
5__,競,다툴,경,다툴 경
5__,景,볕,경,볕 경
4ii,境,지경,경,지경 경
4ii,經,지날/글,경,지날/글 경
4ii,警,깨우칠,경,깨우칠 경
4ii,慶,경사,경,경사 경
4__,驚,놀랄,경,놀랄 경
4__,更,고칠,경,고칠 경|다시 갱
4__,傾,기울,경,기울 경
4__,鏡,거울,경,거울 경
3ii,頃,이랑/잠깐,경,이랑/잠깐 경
3ii,徑,지름길/길,경,지름길/길 경
3ii,硬,굳을,경,굳을 경
3ii,耕,밭갈,경,밭갈 경
3__,卿,벼슬,경,벼슬 경
3__,庚,별,경,별 경
3__,竟,마침내,경,마침내 경
6ii,界,지경,계,지경 계
6ii,計,셀,계,셀 계
4ii,係,맬,계,맬 계
4__,階,섬돌,계,섬돌 계
4__,鷄,닭,계,닭 계
4__,季,계절,계,계절 계
4__,系,이어맬,계,이어맬 계
4__,繼,이을,계,이을 계
4__,戒,경계할,계,경계할 계
3ii,契,맺을,계,맺을 계
3ii,桂,계수나무,계,계수나무 계
3ii,啓,열,계,열 계
3ii,溪,시내,계,시내 계
3ii,械,기계,계,기계 계
3__,繫,맬,계,맬 계
3__,癸,북방/천간,계,북방/천간 계
6ii,高,높을,고,높을 고
6__,古,예,고,예 고
6__,苦,쓸,고,쓸 고
5ii,告,고할,고,고할 고
5__,考,생각할,고,생각할 고
5__,固,굳을,고,굳을 고
4ii,故,연고,고,연고 고
4__,孤,외로울,고,외로울 고
4__,庫,곳집,고,곳집 고
3ii,姑,시어미,고,시어미 고
3ii,稿,원고/볏짚,고,원고/볏짚 고
3ii,鼓,북,고,북 고
3__,顧,돌아볼,고,돌아볼 고
3__,枯,마를,고,마를 고
5__,曲,굽을,곡,굽을 곡
4__,穀,곡식,곡,곡식 곡
3ii,哭,울,곡,울 곡
3ii,谷,골,곡,골 곡
4__,困,곤할,곤,곤할 곤
3__,坤,땅,곤,땅 곤
4__,骨,뼈,골,뼈 골
7ii,工,장인,공,장인 공
7ii,空,빌,공,빌 공
6ii,公,공평할,공,공평할 공
6ii,共,한가지,공,한가지 공
6ii,功,공,공,공 공
4__,孔,구멍,공,구멍 공
4__,攻,칠,공,칠 공
3ii,貢,바칠,공,바칠 공
3ii,供,이바지할,공,이바지할 공
3ii,恐,두려울,공,두려울 공
3ii,恭,공손할,공,공손할 공
6ii,果,실과,과,실과 과
6ii,科,과목,과,과목 과
5ii,課,공부할/과정,과,공부할/과정 과
5ii,過,지날,과,지날 과
3ii,誇,자랑할,과,자랑할 과
3ii,寡,적을,과,적을 과
3__,郭,둘레/외성,곽,둘레/외성 곽
5ii,觀,볼,관,볼 관
5ii,關,관계할,관,관계할 관
4ii,官,벼슬,관,벼슬 관
4__,管,대롱/주관할,관,대롱/주관할 관
3ii,寬,너그러울,관,너그러울 관
3ii,貫,꿸,관,꿸 관
3ii,館,집,관,집 관
3ii,慣,익숙할,관,익숙할 관
3ii,冠,갓,관,갓 관
6ii,光,빛,광,빛 광
5ii,廣,넓을,광,넓을 광
4__,鑛,쇳돌,광,쇳돌 광
3ii,狂,미칠,광,미칠 광
3__,掛,걸,괘,걸 괘
3ii,壞,무너질,괴,무너질 괴
3ii,怪,괴이할,괴,괴이할 괴
3__,塊,흙덩이,괴,흙덩이 괴
3__,愧,부끄러울,괴,부끄러울 괴
8__,校,학교,교,학교 교
8__,敎,가르칠,교,가르칠 교
6__,交,사귈,교,사귈 교
5__,橋,다리,교,다리 교
3ii,巧,공교할,교,공교할 교
3ii,較,견줄/비교할,교,견줄/비교할 교
3__,郊,들,교,들 교
3__,矯,바로잡을,교,바로잡을 교
8__,九,아홉,구,아홉 구
7__,口,입,구,입 구
6ii,球,공,구,공 구
6__,區,구분할/지경,구,구분할/지경 구
5ii,具,갖출,구,갖출 구
5ii,舊,예,구,예 구
5__,救,구원할,구,구원할 구
4ii,求,구할,구,구할 구
4ii,句,글귀,구,글귀 구
4ii,究,연구할,구,연구할 구
4__,構,얽을,구,얽을 구
3ii,久,오랠,구,오랠 구
3ii,拘,잡을,구,잡을 구
3ii,丘,언덕,구,언덕 구
3__,俱,함께,구,함께 구
3__,龜,거북,구,거북 구|거북 귀|터질 균
3__,驅,몰,구,몰 구
3__,苟,진실로/구차할,구,진실로/구차할 구
3__,懼,두려워할,구,두려워할 구
3__,狗,개,구,개 구
8__,國,나라,국,나라 국
5ii,局,판,국,판 국
3ii,菊,국화,국,국화 국
8__,軍,군사,군,군사 군
6__,郡,고을,군,고을 군
4__,君,임금,군,임금 군
4__,群,무리,군,무리 군
4__,屈,굽힐,굴,굽힐 굴
4ii,宮,집,궁,집 궁
4__,窮,다할/궁할,궁,다할/궁할 궁
3ii,弓,활,궁,활 궁
4ii,權,권세,권,권세 권
4__,券,문서,권,문서 권
4__,勸,권할,권,권할 권
4__,卷,책,권,책 권
3ii,拳,주먹,권,주먹 권
3__,厥,그,궐,그 궐
3__,軌,바퀴자국,궤,바퀴자국 궤
5__,貴,귀할,귀,귀할 귀
4__,歸,돌아갈,귀,돌아갈 귀
3ii,鬼,귀신,귀,귀신 귀
5__,規,법,규,법 규
3__,糾,얽을,규,얽을 규
3__,叫,부르짖을,규,부르짖을 규
4__,均,고를,균,고를 균
3ii,菌,버섯,균,버섯 균
4ii,極,다할/극진할,극,다할/극진할 극
4__,劇,심할,극,심할 극
3ii,克,이길,극,이길 극
6__,根,뿌리,근,뿌리 근
6__,近,가까울,근,가까울 근
4__,勤,부지런할,근,부지런할 근
4__,筋,힘줄,근,힘줄 근
3__,僅,겨우,근,겨우 근
3__,謹,삼갈,근,삼갈 근
3__,斤,근/날,근,근/날 근
8__,金,쇠,금,쇠 금|성 김
6ii,今,이제,금,이제 금
4ii,禁,금할,금,금할 금
3ii,禽,새,금,새 금
3ii,錦,비단,금,비단 금
3ii,琴,거문고,금,거문고 금
6ii,急,급할,급,급할 급
6__,級,등급,급,등급 급
5__,給,줄,급,줄 급
3ii,及,미칠,급,미칠 급
3__,肯,즐길,긍,즐길 긍
7ii,氣,기운,기,기운 기
7ii,記,기록할,기,기록할 기
7__,旗,기,기,기 기
5ii,基,터,기,터 기
5ii,己,몸,기,몸 기
5__,汽,물끓는김,기,물끓는김 기
5__,期,기약할,기,기약할 기
5__,技,재주,기,재주 기
4ii,器,그릇,기,그릇 기
4ii,起,일어날,기,일어날 기
4__,機,틀,기,틀 기
4__,寄,부칠,기,부칠 기
4__,奇,기특할,기,기특할 기
4__,紀,벼리,기,벼리 기
3ii,騎,말탈,기,말탈 기
3ii,祈,빌,기,빌 기
3ii,畿,경기,기,경기 기
3ii,其,그,기,그 기
3ii,企,꾀할,기,꾀할 기
3__,旣,이미,기,이미 기
3__,忌,꺼릴,기,꺼릴 기
3__,棄,버릴,기,버릴 기
3__,欺,속일,기,속일 기
3__,飢,주릴,기,주릴 기
3__,豈,어찌,기,어찌 기
3__,幾,몇,기,몇 기
3ii,緊,긴할,긴,긴할 긴
5__,吉,길할,길,길할 길
3__,那,어찌,나,어찌 나
3ii,諾,허락할,낙,허락할 낙
4ii,暖,따뜻할,난,따뜻할 난
4ii,難,어려울,난,어려울 난
8__,南,남녘,남,남녘 남
7ii,男,사내,남,사내 남
4__,納,들일,납,들일 납
3ii,娘,계집,낭,계집 낭
7ii,內,안,내,안 내
3ii,耐,견딜,내,견딜 내
3__,奈,어찌,내,어찌 내
3__,乃,이에,내,이에 내
8__,女,계집,녀,계집 녀
8__,年,해,년,해 년
5ii,念,생각,념,생각 념
3ii,寧,편안,녕,편안 녕
4ii,怒,성낼,노,성낼 노
4ii,努,힘쓸,노,힘쓸 노
3ii,奴,종,노,종 노
7ii,農,농사,농,농사 농
3ii,腦,골/뇌수,뇌,골/뇌수 뇌
3__,惱,번뇌할,뇌,번뇌할 뇌
5ii,能,능할,능,능할 능
3ii,泥,진흙,니,진흙 니
6__,多,많을,다,많을 다
3ii,茶,차,다,차 다|차 차
6ii,短,짧을,단,짧을 단
5ii,團,둥글,단,둥글 단
5__,壇,단,단,단 단
4ii,斷,끊을,단,끊을 단
4ii,單,홑,단,홑 단
4ii,檀,박달나무,단,박달나무 단
4ii,端,끝,단,끝 단
4__,段,층계,단,층계 단
3ii,旦,아침,단,아침 단
3ii,但,다만,단,다만 단
3ii,丹,붉을,단,붉을 단
4ii,達,통달할,달,통달할 달
5__,談,말씀,담,말씀 담
4ii,擔,멜,담,멜 담
3ii,淡,맑을,담,맑을 담
7ii,答,대답,답,대답 답
3ii,踏,밟을,답,밟을 답
3__,畓,논,답,논 답
6ii,堂,집,당,집 당
5ii,當,마땅,당,마땅 당
4ii,黨,무리,당,무리 당
3ii,糖,엿,당,엿 당
3ii,唐,당나라/당황할,당,당나라/당황할 당
8__,大,큰,대,큰 대
6ii,代,대신할,대,대신할 대
6ii,對,대할,대,대할 대
6__,待,기다릴,대,기다릴 대
4ii,帶,띠,대,띠 대
4ii,隊,무리,대,무리 대
3ii,臺,대,대,대 대
3ii,貸,빌릴/뀔,대,빌릴/뀔 대
5ii,德,큰,덕,큰 덕
7ii,道,길,도,길 도
6ii,圖,그림,도,그림 도
6__,度,법도,도,법도 도|헤아릴 탁
5ii,到,이를,도,이를 도
5__,都,도읍,도,도읍 도
5__,島,섬,도,섬 도
4ii,導,인도할,도,인도할 도
4__,徒,무리,도,무리 도
4__,盜,도둑,도,도둑 도
4__,逃,도망할,도,도망할 도
3ii,渡,건널,도,건널 도
3ii,桃,복숭아,도,복숭아 도
3ii,倒,넘어질,도,넘어질 도
3ii,陶,질그릇,도,질그릇 도
3ii,途,길,도,길 도
3ii,刀,칼,도,칼 도
3__,跳,뛸,도,뛸 도
3__,挑,돋울,도,돋울 도
3__,塗,칠할,도,칠할 도
3__,稻,벼,도,벼 도
6ii,讀,읽을,독,읽을 독|구절 두
5ii,獨,홀로,독,홀로 독
4ii,毒,독,독,독 독
4ii,督,감독할,독,감독할 독
3__,篤,도타울,독,도타울 독
3__,敦,도타울,돈,도타울 돈
3__,豚,돼지,돈,돼지 돈
3ii,突,갑자기,돌,갑자기 돌
8__,東,동녘,동,동녘 동
7ii,動,움직일,동,움직일 동
7__,同,한가지,동,한가지 동
7__,洞,골,동,골 동|밝을 통
7__,冬,겨울,동,겨울 동
6ii,童,아이,동,아이 동
4ii,銅,구리,동,구리 동
3ii,凍,얼,동,얼 동
6__,頭,머리,두,머리 두
4ii,斗,말,두,말 두
4ii,豆,콩,두,콩 두
3__,屯,진칠,둔,진칠 둔
3__,鈍,둔할,둔,둔할 둔
4ii,得,얻을,득,얻을 득
7__,登,오를,등,오를 등
6ii,等,무리,등,무리 등
4ii,燈,등,등,등 등
3__,騰,오를,등,오를 등
4ii,羅,벌릴,라,벌릴 라
6ii,樂,즐길,락,즐길 락|노래 악|좋아할 요
5__,落,떨어질,락,떨어질 락
3ii,絡,이을/얽을,락,이을/얽을 락
4__,亂,어지러울,란,어지러울 란
4__,卵,알,란,알 란
3ii,欄,난간,란,난간 란
3ii,蘭,난초,란,난초 란
4__,覽,볼,람,볼 람
3__,濫,넘칠,람,넘칠 람
5ii,朗,밝을,랑,밝을 랑
3ii,浪,물결,랑,물결 랑
3ii,廊,사랑채/행랑,랑,사랑채/행랑 랑
3ii,郞,사내,랑,사내 랑
7__,來,올,래,올 래
5__,冷,찰,랭,찰 랭
4__,略,간략할/약할,략,간략할/약할 략
3__,掠,노략질할,략,노략질할 략
5ii,良,어질,량,어질 량
5__,量,헤아릴,량,헤아릴 량
4ii,兩,두,량,두 량
4__,糧,양식,량,양식 량
3ii,涼,서늘할,량,서늘할 량
3ii,梁,들보/돌다리,량,들보/돌다리 량
3__,諒,살펴알/믿을,량,살펴알/믿을 량
5ii,旅,나그네,려,나그네 려
4ii,麗,고울,려,고울 려
4__,慮,생각할,려,생각할 려
3ii,勵,힘쓸,려,힘쓸 려
7ii,力,힘,력,힘 력
5ii,歷,지날,력,지날 력
3ii,曆,책력,력,책력 력
5ii,練,익힐,련,익힐 련
4ii,連,이을,련,이을 련
3ii,鍊,쇠불릴/단련할,련,쇠불릴/단련할 련
3ii,蓮,연꽃,련,연꽃 련
3ii,聯,연이을,련,연이을 련
3ii,戀,그리워할/그릴,련,그리워할/그릴 련
3__,憐,불쌍히여길,련,불쌍히여길 련
4ii,列,벌릴,렬,벌릴 렬
4__,烈,매울,렬,매울 렬
3ii,裂,찢어질,렬,찢어질 렬
3__,劣,못할,렬,못할 렬
3__,廉,청렴할,렴,청렴할 렴
3__,獵,사냥,렵,사냥 렵
5__,領,거느릴,령,거느릴 령
5__,令,하여금,령,하여금 령
3ii,靈,신령,령,신령 령
3ii,嶺,고개,령,고개 령
3__,零,떨어질/영,령,떨어질/영 령
6__,例,법식,례,법식 례
6__,禮,예도,례,예도 례
3__,隷,종,례,종 례
7__,老,늙을,로,늙을 로
6__,路,길,로,길 로
5ii,勞,일할,로,일할 로
3ii,露,이슬,로,이슬 로
3ii,爐,화로,로,화로 로
6__,綠,푸를,록,푸를 록
4ii,錄,기록할,록,기록할 록
3ii,祿,녹,록,녹 록
3__,鹿,사슴,록,사슴 록
4ii,論,논할,론,논할 론
3ii,弄,희롱할,롱,희롱할 롱
3ii,賴,의뢰할,뢰,의뢰할 뢰
3ii,雷,우레,뢰,우레 뢰
5__,料,헤아릴,료,헤아릴 료
3__,僚,동료,료,동료 료
3__,了,마칠,료,마칠 료
4__,龍,용,룡,용 룡
3ii,漏,샐,루,샐 루
3ii,樓,다락,루,다락 루
3ii,累,여러/자주,루,여러/자주 루
3__,淚,눈물,루,눈물 루
3__,屢,여러,루,여러 루
5ii,流,흐를,류,흐를 류
5ii,類,무리,류,무리 류
4ii,留,머무를,류,머무를 류
4__,柳,버들,류,버들 류
8__,六,여섯,륙,여섯 륙
5ii,陸,뭍,륙,뭍 륙
4__,輪,바퀴,륜,바퀴 륜
3ii,倫,인륜,륜,인륜 륜
4ii,律,법칙,률,법칙 률
3ii,率,비율,률,비율 률|거느릴 솔
3ii,栗,밤,률,밤 률
3ii,隆,높을,륭,높을 륭
3ii,陵,언덕,릉,언덕 릉
7__,里,마을,리,마을 리
6ii,利,이할,리,이할 리
6ii,理,다스릴,리,다스릴 리
6__,李,오얏/성,리,오얏/성 리
4__,離,떠날,리,떠날 리
3ii,吏,벼슬아치/관리,리,벼슬아치/관리 리
3ii,履,밟을,리,밟을 리
3ii,裏,속,리,속 리
3__,梨,배,리,배 리
3__,隣,이웃,린,이웃 린
7__,林,수풀,림,수풀 림
3ii,臨,임할,림,임할 림
7ii,立,설,립,설 립
5__,馬,말,마,말 마
3ii,磨,갈,마,갈 마
3ii,麻,삼,마,삼 마
3ii,漠,넓을,막,넓을 막
3ii,莫,없을,막,없을 막
3ii,幕,장막,막,장막 막
8__,萬,일만,만,일만 만
4ii,滿,찰,만,찰 만
3ii,晚,늦을,만,늦을 만
3__,慢,거만할,만,거만할 만
3__,漫,흩어질,만,흩어질 만
5__,末,끝,말,끝 말
5ii,望,바랄,망,바랄 망
5__,亡,망할,망,망할 망
3ii,妄,망령될,망,망령될 망
3__,忘,잊을,망,잊을 망
3__,茫,아득할,망,아득할 망
3__,忙,바쁠,망,바쁠 망
3__,罔,없을,망,없을 망
7ii,每,매양,매,매양 매
5__,買,살,매,살 매
5__,賣,팔,매,팔 매
4__,妹,누이,매,누이 매
3ii,媒,중매,매,중매 매
3ii,梅,매화,매,매화 매
3__,埋,묻을,매,묻을 매
4ii,脈,줄기,맥,줄기 맥
3ii,麥,보리,맥,보리 맥
3ii,孟,맏,맹,맏 맹
3ii,猛,사나울,맹,사나울 맹
3ii,盲,소경/눈멀,맹,소경/눈멀 맹
3ii,盟,맹세,맹,맹세 맹
7__,面,낯,면,낯 면
4__,勉,힘쓸,면,힘쓸 면
3ii,眠,잘,면,잘 면
3ii,綿,솜,면,솜 면
3ii,免,면할,면,면할 면
3ii,滅,꺼질/멸할,멸,꺼질/멸할 멸
7ii,名,이름,명,이름 명
7__,命,목숨,명,목숨 명
6ii,明,밝을,명,밝을 명
4__,鳴,울,명,울 명
3ii,銘,새길,명,새길 명
3__,冥,어두울,명,어두울 명
8__,母,어미,모,어미 모
4ii,毛,터럭,모,터럭 모
4__,模,본뜰,모,본뜰 모
3ii,謀,꾀,모,꾀 모
3ii,貌,모양,모,모양 모
3ii,慕,그릴,모,그릴 모
3__,某,아무,모,아무 모
3__,暮,저물,모,저물 모
3__,募,모을/뽑을,모,모을/뽑을 모
3__,冒,무릅쓸,모,무릅쓸 모
3__,侮,업신여길,모,업신여길 모
8__,木,나무,목,나무 목
6__,目,눈,목,눈 목
4ii,牧,칠,목,칠 목
3ii,睦,화목할,목,화목할 목
3ii,沒,빠질,몰,빠질 몰
3ii,蒙,어두울,몽,어두울 몽
3ii,夢,꿈,몽,꿈 몽
4__,墓,무덤,묘,무덤 묘
4__,妙,묘할,묘,묘할 묘
3__,卯,토끼,묘,토끼 묘
3__,廟,사당,묘,사당 묘
3__,苗,모,묘,모 묘
5__,無,없을,무,없을 무
4ii,務,힘쓸,무,힘쓸 무
4ii,武,호반,무,호반 무
4__,舞,춤출,무,춤출 무
3ii,貿,무역할,무,무역할 무
3ii,茂,무성할,무,무성할 무
3__,戊,천간,무,천간 무
3__,霧,안개,무,안개 무
3ii,墨,먹,묵,먹 묵
3ii,默,잠잠할,묵,잠잠할 묵
8__,門,문,문,문 문
7__,文,글월,문,글월 문
7__,問,물을,문,물을 문
6ii,聞,들을,문,들을 문
3ii,紋,무늬,문,무늬 문
7ii,物,물건,물,물건 물
3ii,勿,말,물,말 물
6__,美,아름다울,미,아름다울 미
6__,米,쌀,미,쌀 미
4ii,未,아닐,미,아닐 미
4ii,味,맛,미,맛 미
3ii,微,작을,미,작을 미
3ii,尾,꼬리,미,꼬리 미
3__,迷,미혹할,미,미혹할 미
3__,眉,눈썹,미,눈썹 미
8__,民,백성,민,백성 민
3__,敏,민첩할,민,민첩할 민
3__,憫,민망할,민,민망할 민
4ii,密,빽빽할,밀,빽빽할 밀
3__,蜜,꿀,밀,꿀 밀
6__,朴,성,박,성 박
4ii,博,넓을,박,넓을 박
4__,拍,칠,박,칠 박
3ii,迫,핍박할,박,핍박할 박
3ii,薄,엷을,박,엷을 박
3__,泊,머무를/배댈,박,머무를/배댈 박
6ii,半,반,반,반 반
6ii,反,돌이킬/돌아올,반,돌이킬/돌아올 반
6ii,班,나눌,반,나눌 반
3ii,般,가지/일반,반,가지/일반 반
3ii,盤,소반,반,소반 반
3ii,飯,밥,반,밥 반
3__,伴,짝,반,짝 반
3__,叛,배반할,반,배반할 반
3__,返,돌이킬,반,돌이킬 반
6ii,發,필,발,필 발
4__,髮,터럭,발,터럭 발
3ii,拔,뽑을,발,뽑을 발
7ii,方,모,방,모 방
6ii,放,놓을,방,놓을 방
4ii,防,막을,방,막을 방
4ii,房,방,방,방 방
4ii,訪,찾을,방,찾을 방
4__,妨,방해할,방,방해할 방
3ii,芳,꽃다울,방,꽃다울 방
3__,倣,본뜰,방,본뜰 방
3__,傍,곁,방,곁 방
3__,邦,나라,방,나라 방
5__,倍,곱,배,곱 배
4ii,拜,절,배,절 배
4ii,背,등,배,등 배
4ii,配,나눌/짝,배,나눌/짝 배
3ii,輩,무리,배,무리 배
3ii,培,북돋울,배,북돋울 배
3ii,排,밀칠,배,밀칠 배
3__,杯,잔,배,잔 배
8__,白,흰,백,흰 백
7__,百,일백,백,일백 백
3ii,伯,맏,백,맏 백
6__,番,차례,번,차례 번
3ii,繁,번성할,번,번성할 번
3__,飜,번역할,번,번역할 번
3__,煩,번거로울,번,번거로울 번
4ii,罰,벌할,벌,벌할 벌
4ii,伐,칠,벌,칠 벌
4__,犯,범할,범,범할 범
4__,範,법,범,법 범
3ii,凡,무릇,범,무릇 범
5ii,法,법,법,법 법
4ii,壁,벽,벽,벽 벽
3ii,碧,푸를,벽,푸를 벽
5ii,變,변할,변,변할 변
4ii,邊,가,변,가 변
4__,辯,말씀,변,말씀 변
3__,辨,분별할,변,분별할 변
6__,別,다를/나눌,별,다를/나눌 별
6__,病,병,병,병 병
5ii,兵,병사,병,병사 병
3ii,丙,남녘,병,남녘 병
3__,竝,나란히,병,나란히 병
3__,屛,병풍,병,병풍 병
4ii,保,지킬,보,지킬 보
4ii,步,걸음,보,걸음 보
4ii,報,갚을/알릴,보,갚을/알릴 보
4ii,寶,보배,보,보배 보
4__,普,넓을,보,넓을 보
3ii,譜,족보,보,족보 보
3ii,補,기울,보,기울 보
6__,服,옷,복,옷 복
5ii,福,복,복,복 복
4ii,復,회복할,복,회복할 복|다시 부
4__,伏,엎드릴,복,엎드릴 복
4__,複,겹칠,복,겹칠 복
3ii,腹,배,복,배 복
3__,卜,점,복,점 복
6__,本,근본,본,근본 본
5ii,奉,받들,봉,받들 봉
3ii,鳳,봉새,봉,봉새 봉
3ii,封,봉할,봉,봉할 봉
3ii,峯,봉우리,봉,봉우리 봉
3ii,逢,만날,봉,만날 봉
3__,蜂,벌,봉,벌 봉
8__,父,아비,부,아비 부
7__,夫,지아비,부,지아비 부
6ii,部,떼,부,떼 부
4ii,府,마을,부,마을 부
4ii,富,부자,부,부자 부
4ii,副,버금,부,버금 부
4ii,婦,며느리,부,며느리 부
4__,否,아닐,부,아닐 부
4__,負,질,부,질 부
3ii,覆,덮을,부,덮을 부|다시 복
3ii,符,부호,부,부호 부
3ii,付,부칠,부,부칠 부
3ii,浮,뜰,부,뜰 부
3ii,賦,부세,부,부세 부
3ii,腐,썩을,부,썩을 부
3ii,附,붙을,부,붙을 부
3ii,簿,문서,부,문서 부
3ii,扶,도울,부,도울 부
3__,赴,다다를/갈,부,다다를/갈 부
8__,北,북녘,북,북녘 북|달아날 배
6ii,分,나눌,분,나눌 분
4__,粉,가루,분,가루 분
4__,憤,분할,분,분할 분
3ii,奔,달릴,분,달릴 분
3ii,奮,떨칠,분,떨칠 분
3ii,紛,어지러울,분,어지러울 분
3__,墳,무덤,분,무덤 분
7ii,不,아닐,불,아닐 불
4ii,佛,부처,불,부처 불
3ii,拂,떨칠,불,떨칠 불
3__,崩,무너질,붕,무너질 붕
3__,朋,벗,붕,벗 붕
5__,比,견줄,비,견줄 비
5__,費,쓸,비,쓸 비
5__,鼻,코,비,코 비
4ii,飛,날,비,날 비
4ii,備,갖출,비,갖출 비
4ii,非,아닐,비,아닐 비
4ii,悲,슬플,비,슬플 비
4__,批,비평할,비,비평할 비
4__,祕,숨길,비,숨길 비
4__,碑,비석,비,비석 비
3ii,妃,왕비,비,왕비 비
3ii,婢,계집종,비,계집종 비
3ii,肥,살찔,비,살찔 비
3ii,卑,낮을,비,낮을 비
4ii,貧,가난할,빈,가난할 빈
3__,賓,손,빈,손 빈
3__,頻,자주,빈,자주 빈
5__,氷,얼음,빙,얼음 빙
3__,聘,부를,빙,부를 빙
8__,四,넉,사,넉 사
7ii,事,일,사,일 사
6ii,社,모일,사,모일 사
6__,使,하여금/부릴,사,하여금/부릴 사
6__,死,죽을,사,죽을 사
5ii,史,사기,사,사기 사
5ii,士,선비,사,선비 사
5ii,仕,섬길,사,섬길 사
5__,寫,베낄,사,베낄 사
5__,思,생각,사,생각 사
5__,査,조사할,사,조사할 사
4ii,寺,절,사,절 사
4ii,師,스승,사,스승 사
4ii,謝,사례할,사,사례할 사
4ii,舍,집,사,집 사
4__,辭,말씀,사,말씀 사
4__,私,사사,사,사사 사
4__,絲,실,사,실 사
4__,射,쏠,사,쏠 사
3ii,邪,간사할,사,간사할 사
3ii,沙,모래,사,모래 사
3ii,司,맡을,사,맡을 사
3ii,蛇,긴뱀,사,긴뱀 사
3ii,斜,비낄,사,비낄 사
3ii,詞,말/글,사,말/글 사
3ii,祀,제사,사,제사 사
3__,巳,뱀,사,뱀 사
3__,捨,버릴,사,버릴 사
3__,斯,이,사,이 사
3__,詐,속일,사,속일 사
3__,賜,줄,사,줄 사
3__,似,닮을,사,닮을 사
3ii,削,깎을,삭,깎을 삭
3__,朔,초하루,삭,초하루 삭
8__,山,메,산,메 산
7__,算,셈,산,셈 산
5ii,産,낳을,산,낳을 산
4__,散,흩을,산,흩을 산
4ii,殺,죽일,살,죽일 살|감할/빠를 쇄
8__,三,석,삼,석 삼
3ii,森,수풀,삼,수풀 삼
7ii,上,윗,상,윗 상
5ii,商,장사,상,장사 상
5ii,相,서로,상,서로 상
5__,賞,상줄,상,상줄 상
4ii,常,떳떳할,상,떳떳할 상
4ii,床,상,상,상 상
4ii,想,생각,상,생각 상
4ii,狀,형상,상,형상 상|문서 장
4__,傷,다칠,상,다칠 상
4__,象,코끼리,상,코끼리 상
3ii,霜,서리,상,서리 상
3ii,裳,치마,상,치마 상
3ii,桑,뽕나무,상,뽕나무 상
3ii,喪,잃을,상,잃을 상
3ii,詳,자세할,상,자세할 상
3ii,尙,오히려,상,오히려 상
3ii,像,모양,상,모양 상
3ii,償,갚을,상,갚을 상
3__,祥,상서,상,상서 상
3__,嘗,맛볼,상,맛볼 상
7__,色,빛,색,빛 색
3ii,索,찾을,색,찾을 색|노 삭
3ii,塞,막힐,색,막힐 색|변방 새
8__,生,날,생,날 생
8__,西,서녘,서,서녘 서
6ii,書,글,서,글 서
5__,序,차례,서,차례 서
3ii,恕,용서할,서,용서할 서
3ii,緖,실마리,서,실마리 서
3ii,徐,천천할,서,천천할 서
3ii,署,마을,서,마을 서
3__,暑,더울,서,더울 서
3__,敍,펼,서,펼 서
3__,逝,갈,서,갈 서
3__,庶,여러,서,여러 서
3__,誓,맹세할,서,맹세할 서
7__,夕,저녁,석,저녁 석
6__,席,자리,석,자리 석
6__,石,돌,석,돌 석
3ii,惜,아낄,석,아낄 석
3ii,釋,풀,석,풀 석
3__,昔,예,석,예 석
3__,析,쪼갤,석,쪼갤 석
8__,先,먼저,선,먼저 선
6ii,線,줄,선,줄 선
5ii,鮮,고울,선,고울 선
5ii,仙,신선,선,신선 선
5__,善,착할,선,착할 선
5__,選,가릴,선,가릴 선
5__,船,배,선,배 선
4__,宣,베풀,선,베풀 선
3ii,禪,선,선,선 선
3ii,旋,돌,선,돌 선
6ii,雪,눈,설,눈 설
5ii,說,말씀,설,말씀 설|달랠 세
4ii,設,베풀,설,베풀 설
4__,舌,혀,설,혀 설
3__,攝,다스릴/잡을,섭,다스릴/잡을 섭
3__,涉,건널,섭,건널 섭
7ii,姓,성,성,성 성
6ii,成,이룰,성,이룰 성
6ii,省,살필,성,살필 성|덜 생
5ii,性,성품,성,성품 성
4ii,誠,정성,성,정성 성
4ii,聲,소리,성,소리 성
4ii,盛,성할,성,성할 성
4ii,聖,성인,성,성인 성
4ii,城,재,성,재 성
4ii,星,별,성,별 성
7ii,世,인간,세,인간 세
5ii,洗,씻을,세,씻을 세
5ii,歲,해,세,해 세
4ii,勢,형세,세,형세 세
4ii,稅,세금,세,세금 세
4ii,細,가늘,세,가늘 세
8__,小,작을,소,작을 소
7__,少,적을,소,적을 소
7__,所,바,소,바 소
6ii,消,사라질,소,사라질 소
4ii,笑,웃음,소,웃음 소
4ii,掃,쓸,소,쓸 소
4ii,素,본디/흴,소,본디/흴 소
3ii,訴,호소할,소,호소할 소
3ii,燒,사를,소,사를 소
3ii,疏,소통할,소,소통할 소
3ii,蘇,되살아날,소,되살아날 소
3__,召,부를,소,부를 소
3__,昭,밝을,소,밝을 소
3__,蔬,나물,소,나물 소
3__,騷,떠들,소,떠들 소
6__,速,빠를,속,빠를 속
5ii,束,묶을,속,묶을 속
4ii,續,이을,속,이을 속
4ii,俗,풍속,속,풍속 속
4__,屬,붙일,속,붙일 속
3__,粟,조,속,조 속
6__,孫,손자,손,손자 손
4__,損,덜,손,덜 손
4ii,送,보낼,송,보낼 송
4__,頌,기릴/칭송할,송,기릴/칭송할 송
4__,松,소나무,송,소나무 송
3ii,訟,송사할,송,송사할 송
3__,誦,욀,송,욀 송
3ii,鎖,쇠사슬,쇄,쇠사슬 쇄
3ii,刷,인쇄할,쇄,인쇄할 쇄
3ii,衰,쇠할,쇠,쇠할 쇠
8__,水,물,수,물 수
7ii,手,손,수,손 수
7__,數,셈,수,셈 수
6__,樹,나무,수,나무 수
5ii,首,머리,수,머리 수
4ii,修,닦을,수,닦을 수
4ii,受,받을,수,받을 수
4ii,守,지킬,수,지킬 수
4ii,授,줄,수,줄 수
4ii,收,거둘,수,거둘 수
4__,秀,빼어날,수,빼어날 수
3ii,愁,근심,수,근심 수
3ii,壽,목숨,수,목숨 수
3ii,帥,장수,수,장수 수
3ii,殊,다를,수,다를 수
3ii,輸,보낼,수,보낼 수
3ii,隨,따를,수,따를 수
3ii,需,쓰일/쓸,수,쓰일/쓸 수
3ii,垂,드리울,수,드리울 수
3ii,獸,짐승,수,짐승 수
3__,睡,졸음,수,졸음 수
3__,須,모름지기,수,모름지기 수
3__,雖,비록,수,비록 수
3__,誰,누구,수,누구 수
3__,搜,찾을,수,찾을 수
3__,囚,가둘,수,가둘 수
3__,遂,드디어,수,드디어 수
5ii,宿,잘,숙,잘 숙|별자리 수
4__,叔,아재비,숙,아재비 숙
4__,肅,엄숙할,숙,엄숙할 숙
3ii,淑,맑을,숙,맑을 숙
3ii,熟,익을,숙,익을 숙
3__,孰,누구,숙,누구 숙
5ii,順,순할,순,순할 순
4ii,純,순수할,순,순수할 순
3ii,旬,열흘,순,열흘 순
3ii,瞬,눈깜짝일,순,눈깜짝일 순
3ii,巡,돌/순행할,순,돌/순행할 순
3__,循,돌,순,돌 순
3__,殉,따라죽을,순,따라죽을 순
3__,脣,입술,순,입술 순
6ii,術,재주,술,재주 술
3ii,述,펼,술,펼 술
3__,戌,개,술,개 술
4__,崇,높을,숭,높을 숭
6__,習,익힐,습,익힐 습
3ii,濕,젖을,습,젖을 습
3ii,拾,주울,습,주울 습|열 십
3ii,襲,엄습할,습,엄습할 습
6__,勝,이길,승,이길 승
4ii,承,이을,승,이을 승
3ii,乘,탈,승,탈 승
3ii,昇,오를,승,오를 승
3ii,僧,중,승,중 승
7ii,時,때,시,때 시
7ii,市,저자,시,저자 시
6ii,始,비로소,시,비로소 시
5__,示,보일,시,보일 시
4ii,詩,시,시,시 시
4ii,試,시험,시,시험 시
4ii,視,볼,시,볼 시
4ii,施,베풀,시,베풀 시
4ii,是,이/옳을,시,이/옳을 시
3ii,侍,모실,시,모실 시
3__,矢,화살,시,화살 시
7ii,食,밥/먹을,식,밥/먹을 식
7__,植,심을,식,심을 식
6__,式,법,식,법 식
5ii,識,알,식,알 식
4ii,息,쉴,식,쉴 식
3ii,飾,꾸밀,식,꾸밀 식
6ii,身,몸,신,몸 신
6ii,神,귀신,신,귀신 신
6ii,信,믿을,신,믿을 신
6ii,新,새,신,새 신
5ii,臣,신하,신,신하 신
4ii,申,납,신,납 신
3ii,愼,삼갈,신,삼갈 신
3__,辛,매울,신,매울 신
3__,伸,펼,신,펼 신
3__,晨,새벽,신,새벽 신
8__,室,집,실,집 실
6__,失,잃을,실,잃을 실
5ii,實,열매,실,열매 실
7__,心,마음,심,마음 심
4ii,深,깊을,심,깊을 심
3ii,甚,심할,심,심할 심
3ii,審,살필,심,살필 심
3__,尋,찾을,심,찾을 심
8__,十,열,십,열 십
3ii,雙,두,쌍,두 쌍
4__,氏,각시/성씨,씨,각시/성씨 씨
5ii,兒,아이,아,아이 아
3ii,雅,맑을,아,맑을 아
3ii,我,나,아,나 아
3ii,阿,언덕,아,언덕 아
3ii,亞,버금,아,버금 아
3ii,芽,싹,아,싹 아
3ii,牙,어금니,아,어금니 아
3__,餓,주릴,아,주릴 아
5ii,惡,악할,악,악할 악|미워할 오
3__,岳,큰산,악,큰산 악
7ii,安,편안,안,편안 안
5__,案,책상,안,책상 안
4ii,眼,눈,안,눈 안
3ii,顔,낯,안,낯 안
3ii,岸,언덕,안,언덕 안
3__,雁,기러기,안,기러기 안
3__,謁,뵐,알,뵐 알
4ii,暗,어두울,암,어두울 암
3ii,巖,바위,암,바위 암
4ii,壓,누를,압,누를 압
3__,押,누를,압,누를 압
3ii,仰,우러를,앙,우러를 앙
3ii,央,가운데,앙,가운데 앙
3__,殃,재앙,앙,재앙 앙
6__,愛,사랑,애,사랑 애
3ii,哀,슬플,애,슬플 애
3__,涯,물가,애,물가 애
4ii,液,진,액,진 액
4__,額,이마,액,이마 액
3__,厄,액,액,액 액
6__,夜,밤,야,밤 야
6__,野,들,야,들 야
3__,也,이끼/어조사,야,이끼/어조사 야
3__,耶,어조사,야,어조사 야
6ii,弱,약할,약,약할 약
6ii,藥,약,약,약 약
5ii,約,맺을,약,맺을 약
3ii,若,같을,약,같을 약|반야 야
3__,躍,뛸,약,뛸 약
6__,陽,볕,양,볕 양
6__,洋,큰바다,양,큰바다 양
5ii,養,기를,양,기를 양
4ii,羊,양,양,양 양
4__,樣,모양,양,모양 양
3ii,讓,사양할,양,사양할 양
3ii,壤,흙덩이,양,흙덩이 양
3ii,揚,날릴,양,날릴 양
3__,楊,버들,양,버들 양
7__,語,말씀,어,말씀 어
5__,漁,고기잡을,어,고기잡을 어
5__,魚,고기/물고기,어,고기/물고기 어
3ii,御,거느릴,어,거느릴 어
3__,於,어조사,어,어조사 어|탄식할 오
5__,億,억,억,억 억
3ii,憶,생각할,억,생각할 억
3ii,抑,누를,억,누를 억
6__,言,말씀,언,말씀 언
3__,焉,어찌,언,어찌 언
4__,嚴,엄할,엄,엄할 엄
6ii,業,업,업,업 업
4ii,餘,남을,여,남을 여
4ii,如,같을,여,같을 여
4__,與,더불/줄,여,더불/줄 여
3__,輿,수레,여,수레 여
3__,汝,너,여,너 여
3__,余,나,여,나 여
3__,予,나,여,나 여
4ii,逆,거스릴,역,거스릴 역
4__,域,지경,역,지경 역
4__,易,바꿀,역,바꿀 역|쉬울 이
3ii,疫,전염병,역,전염병 역
3ii,亦,또,역,또 역
3ii,役,부릴,역,부릴 역
3ii,譯,번역할,역,번역할 역
3ii,驛,역,역,역 역
7__,然,그럴,연,그럴 연
4ii,煙,연기,연,연기 연
4ii,硏,갈,연,갈 연
4ii,演,펼,연,펼 연
4__,燃,탈,연,탈 연
4__,鉛,납,연,납 연
4__,緣,인연,연,인연 연
4__,延,늘일,연,늘일 연
3ii,沿,물따라갈/따를,연,물따라갈/따를 연
3ii,軟,연할,연,연할 연
3ii,宴,잔치,연,잔치 연
3ii,燕,제비,연,제비 연
5__,熱,더울,열,더울 열
3ii,悅,기쁠,열,기쁠 열
3__,閱,볼,열,볼 열
3ii,染,물들,염,물들 염
3ii,鹽,소금,염,소금 염
3ii,炎,불꽃,염,불꽃 염
5__,葉,잎,엽,잎 엽
6__,英,꽃부리,영,꽃부리 영
6__,永,길,영,길 영
4ii,榮,영화,영,영화 영
4__,迎,맞을,영,맞을 영
4__,映,비칠,영,비칠 영
4__,營,경영할,영,경영할 영
3ii,影,그림자,영,그림자 영
3__,詠,읊을,영,읊을 영
3__,泳,헤엄칠,영,헤엄칠 영
4ii,藝,재주,예,재주 예
4__,豫,미리,예,미리 예
3ii,譽,기릴/명예,예,기릴/명예 예
3__,銳,날카로울,예,날카로울 예
8__,五,다섯,오,다섯 오
7ii,午,낮,오,낮 오
4ii,誤,그르칠,오,그르칠 오
3ii,烏,까마귀,오,까마귀 오
3ii,悟,깨달을,오,깨달을 오
3__,嗚,슬플,오,슬플 오
3__,娛,즐길,오,즐길 오
3__,吾,나,오,나 오
3__,傲,거만할,오,거만할 오
3__,汚,더러울,오,더러울 오
5__,屋,집,옥,집 옥
4ii,玉,구슬,옥,구슬 옥
3ii,獄,옥,옥,옥 옥
6__,溫,따뜻할,온,따뜻할 온
3__,擁,낄,옹,낄 옹
3__,翁,늙은이,옹,늙은이 옹
3ii,瓦,기와,와,기와 와
3__,臥,누울,와,누울 와
5__,完,완전할,완,완전할 완
3ii,緩,느릴,완,느릴 완
3__,曰,가로,왈,가로 왈
8__,王,임금,왕,임금 왕
4ii,往,갈,왕,갈 왕
8__,外,바깥,외,바깥 외
3__,畏,두려워할,외,두려워할 외
5ii,要,요긴할,요,요긴할 요
5__,曜,빛날,요,빛날 요
4ii,謠,노래,요,노래 요
3__,遙,멀,요,멀 요
3__,腰,허리,요,허리 요
3__,搖,흔들,요,흔들 요
5__,浴,목욕할,욕,목욕할 욕
3ii,慾,욕심,욕,욕심 욕
3ii,欲,하고자할,욕,하고자할 욕
3ii,辱,욕될,욕,욕될 욕
6ii,勇,날랠,용,날랠 용
6ii,用,쓸,용,쓸 용
4ii,容,얼굴,용,얼굴 용
3__,庸,떳떳할,용,떳떳할 용
7ii,右,오를/오른(쪽),우,오를/오른(쪽) 우
5ii,友,벗,우,벗 우
5ii,雨,비,우,비 우
5__,牛,소,우,소 우
4__,優,넉넉할,우,넉넉할 우
4__,遇,만날,우,만날 우
4__,郵,우편,우,우편 우
3ii,憂,근심,우,근심 우
3ii,偶,짝,우,짝 우
3ii,宇,집,우,집 우
3ii,愚,어리석을,우,어리석을 우
3ii,羽,깃,우,깃 우
3__,于,어조사,우,어조사 우
3__,尤,더욱,우,더욱 우
3__,又,또,우,또 우
6ii,運,옮길,운,옮길 운
5ii,雲,구름,운,구름 운
3ii,韻,운,운,운 운
3__,云,이를,운,이를 운
5__,雄,수컷,웅,수컷 웅
6__,園,동산,원,동산 원
6__,遠,멀,원,멀 원
5ii,元,으뜸,원,으뜸 원
5__,原,언덕,원,언덕 원
5__,院,집,원,집 원
5__,願,원할,원,원할 원
4ii,圓,둥글,원,둥글 원
4ii,員,인원,원,인원 원
4__,怨,원망할,원,원망할 원
4__,援,도울,원,도울 원
4__,源,근원,원,근원 원
8__,月,달,월,달 월
3ii,越,넘을,월,넘을 월
5ii,偉,클,위,클 위
5__,位,자리,위,자리 위
4ii,衛,지킬,위,지킬 위
4ii,爲,하/할,위,하/할 위
4__,圍,에워쌀,위,에워쌀 위
4__,委,맡길,위,맡길 위
4__,威,위엄,위,위엄 위
4__,慰,위로할,위,위로할 위
4__,危,위태할,위,위태할 위
3ii,胃,밥통,위,밥통 위
3ii,僞,거짓,위,거짓 위
3ii,謂,이를,위,이를 위
3__,違,어긋날,위,어긋날 위
3__,緯,씨,위,씨 위
7__,有,있을,유,있을 유
6__,由,말미암을,유,말미암을 유
6__,油,기름,유,기름 유
4__,遊,놀,유,놀 유
4__,乳,젖,유,젖 유
4__,儒,선비,유,선비 유
4__,遺,남길,유,남길 유
3ii,猶,오히려,유,오히려 유
3ii,幽,그윽할,유,그윽할 유
3ii,幼,어릴,유,어릴 유
3ii,柔,부드러울,유,부드러울 유
3ii,維,벼리,유,벼리 유
3ii,裕,넉넉할,유,넉넉할 유
3ii,誘,꾈,유,꾈 유
3ii,悠,멀,유,멀 유
3__,唯,오직,유,오직 유
3__,酉,닭,유,닭 유
3__,愈,나을,유,나을 유
3__,惟,생각할,유,생각할 유
7__,育,기를,육,기를 육
4ii,肉,고기,육,고기 육
3ii,潤,불을,윤,불을 윤
3__,閏,윤달,윤,윤달 윤
6__,銀,은,은,은 은
4ii,恩,은혜,은,은혜 은
4__,隱,숨을,은,숨을 은
3ii,乙,새,을,새 을
6ii,音,소리,음,소리 음
6ii,飮,마실,음,마실 음
4ii,陰,그늘,음,그늘 음
3ii,淫,음란할,음,음란할 음
3__,吟,읊을,음,읊을 음
7__,邑,고을,읍,고을 읍
3__,泣,울,읍,울 읍
4ii,應,응할,응,응할 응
3__,凝,엉길,응,엉길 응
6ii,意,뜻,의,뜻 의
6__,醫,의원,의,의원 의
6__,衣,옷,의,옷 의
4ii,議,의논할,의,의논할 의
4ii,義,옳을,의,옳을 의
4__,依,의지할,의,의지할 의
4__,儀,거동,의,거동 의
4__,疑,의심할,의,의심할 의
3__,矣,어조사,의,어조사 의
3__,宜,마땅,의,마땅 의
8__,二,두,이,두 이
5ii,以,써,이,써 이
5__,耳,귀,이,귀 이
4ii,移,옮길,이,옮길 이
4__,異,다를,이,다를 이
3ii,已,이미,이,이미 이
3__,而,말이을,이,말이을 이
3__,夷,오랑캐,이,오랑캐 이
4ii,益,더할,익,더할 익
3ii,翼,날개,익,날개 익
8__,人,사람,인,사람 인
5__,因,인할,인,인할 인
4ii,印,도장,인,도장 인
4ii,引,끌,인,끌 인
4ii,認,알,인,알 인
4__,仁,어질,인,어질 인
3ii,忍,참을,인,참을 인
3__,寅,범/동방,인,범/동방 인
3__,姻,혼인,인,혼인 인
8__,一,한,일,한 일
8__,日,날,일,날 일
3ii,逸,편안할,일,편안할 일
5ii,任,맡길,임,맡길 임
3ii,壬,북방,임,북방 임
3ii,賃,품삯,임,품삯 임
7__,入,들,입,들 입
7ii,子,아들,자,아들 자
7ii,自,스스로,자,스스로 자
7__,字,글자,자,글자 자
6__,者,놈,자,놈 자
4__,資,재물,자,재물 자
4__,姿,모양,자,모양 자
4__,姉,손윗누이,자,손윗누이 자
3ii,紫,자줏빛,자,자줏빛 자
3ii,慈,사랑,자,사랑 자
3ii,刺,찌를,자,찌를 자|찌를 척
3__,恣,마음대로/방자할,자,마음대로/방자할 자
3__,玆,이,자,이 자
6ii,作,지을,작,지을 작
6ii,昨,어제,작,어제 작
3__,酌,술부을/잔질할,작,술부을/잔질할 작
3__,爵,벼슬,작,벼슬 작
4__,殘,남을,잔,남을 잔
3ii,暫,잠깐,잠,잠깐 잠
3ii,潛,잠길,잠,잠길 잠
4__,雜,섞일,잡,섞일 잡
8__,長,긴,장,긴 장
7ii,場,마당,장,마당 장
6__,章,글,장,글 장
4ii,將,장수,장,장수 장
4ii,障,막을,장,막을 장
4__,獎,장려할,장,장려할 장
4__,裝,꾸밀,장,꾸밀 장
4__,腸,창자,장,창자 장
4__,張,베풀,장,베풀 장
4__,壯,장할,장,장할 장
4__,帳,장막,장,장막 장
3ii,莊,씩씩할,장,씩씩할 장
3ii,葬,장사지낼,장,장사지낼 장
3ii,臟,오장,장,오장 장
3ii,粧,단장할,장,단장할 장
3ii,掌,손바닥,장,손바닥 장
3ii,丈,어른,장,어른 장
3ii,藏,감출,장,감출 장
3__,墻,담,장,담 장
6ii,才,재주,재,재주 재
6__,在,있을,재,있을 재
5ii,財,재물,재,재물 재
5ii,材,재목,재,재목 재
5__,災,재앙,재,재앙 재
5__,再,두,재,두 재
3ii,栽,심을,재,심을 재
3ii,裁,옷마를,재,옷마를 재
3ii,載,실을,재,실을 재
3__,哉,어조사,재,어조사 재
3__,宰,재상,재,재상 재
5__,爭,다툴,쟁,다툴 쟁
5__,貯,쌓을,저,쌓을 저
4ii,低,낮을,저,낮을 저
4__,底,밑,저,밑 저
3ii,著,나타날,저,나타날 저
3ii,抵,막을,저,막을 저
5ii,的,과녁,적,과녁 적
5__,赤,붉을,적,붉을 적
4ii,敵,대적할,적,대적할 적
4__,積,쌓을,적,쌓을 적
4__,籍,문서,적,문서 적
4__,適,맞을,적,맞을 적
4__,績,길쌈,적,길쌈 적
4__,賊,도둑,적,도둑 적
3ii,跡,발자취,적,발자취 적
3ii,寂,고요할,적,고요할 적
3ii,笛,피리,적,피리 적
3ii,摘,딸,적,딸 적
3ii,蹟,자취,적,자취 적
3__,滴,물방울,적,물방울 적
7ii,電,번개,전,번개 전
7ii,前,앞,전,앞 전
7ii,全,온전,전,온전 전
6ii,戰,싸움,전,싸움 전
5ii,傳,전할,전,전할 전
5ii,典,법,전,법 전
5ii,展,펼,전,펼 전
4ii,田,밭,전,밭 전
4__,專,오로지,전,오로지 전
4__,轉,구를,전,구를 전
4__,錢,돈,전,돈 전
3ii,殿,전각,전,전각 전
5ii,節,마디,절,마디 절
5ii,切,끊을,절,끊을 절|온통 체
4ii,絶,끊을,절,끊을 절
4__,折,꺾을,절,꺾을 절
3__,竊,훔칠,절,훔칠 절
5ii,店,가게,점,가게 점
4__,點,점,점,점 점
4__,占,점령할/점칠,점,점령할/점칠 점
3ii,漸,점점,점,점점 점
4ii,接,이을,접,이을 접
3__,蝶,나비,접,나비 접
7ii,正,바를,정,바를 정
6ii,庭,뜰,정,뜰 정
6__,定,정할,정,정할 정
5ii,情,뜻,정,뜻 정
5__,停,머물,정,머물 정
4ii,政,정사,정,정사 정
4ii,程,한도/길,정,한도/길 정
4ii,精,정할,정,정할 정
4__,靜,고요할,정,고요할 정
4__,丁,고무래/장정,정,고무래/장정 정
4__,整,가지런할,정,가지런할 정
3ii,淨,깨끗할,정,깨끗할 정
3ii,頂,정수리,정,정수리 정
3ii,井,우물,정,우물 정
3ii,亭,정자,정,정자 정
3ii,廷,조정,정,조정 정
3ii,貞,곧을,정,곧을 정
3ii,征,칠,정,칠 정
3__,訂,바로잡을,정,바로잡을 정
8__,弟,아우,제,아우 제
6ii,第,차례,제,차례 제
6ii,題,제목,제,제목 제
4ii,濟,건널,제,건널 제
4ii,提,끌,제,끌 제
4ii,制,절제할,제,절제할 제
4ii,製,지을,제,지을 제
4ii,除,덜,제,덜 제
4ii,際,즈음/가,제,즈음/가 제
4ii,祭,제사,제,제사 제
4__,帝,임금,제,임금 제
3ii,諸,모두,제,모두 제
3ii,齊,가지런할,제,가지런할 제
3__,堤,둑,제,둑 제
7__,祖,할아비,조,할아비 조
6__,朝,아침,조,아침 조
5ii,調,고를,조,고를 조
5__,操,잡을,조,잡을 조
4ii,鳥,새,조,새 조
4ii,助,도울,조,도울 조
4ii,早,이를,조,이를 조
4ii,造,지을,조,지을 조
4__,條,가지,조,가지 조
4__,潮,밀물/조수,조,밀물/조수 조
4__,組,짤,조,짤 조
3ii,租,조세,조,조세 조
3ii,照,비칠,조,비칠 조
3ii,兆,억조,조,억조 조
3__,燥,마를,조,마를 조
3__,弔,조상할,조,조상할 조
7ii,足,발,족,발 족
6__,族,겨레,족,겨레 족
4ii,尊,높을,존,높을 존
4__,存,있을,존,있을 존
5ii,卒,마칠,졸,마칠 졸
3__,拙,졸할,졸,졸할 졸
5ii,種,씨,종,씨 종
5__,終,마칠,종,마칠 종
4ii,宗,마루,종,마루 종
4__,鍾,쇠북,종,쇠북 종
4__,從,좇을,종,좇을 종
3ii,縱,세로,종,세로 종
7ii,左,왼,좌,왼 좌
4__,座,자리,좌,자리 좌
3ii,坐,앉을,좌,앉을 좌
3__,佐,도울,좌,도울 좌
5__,罪,허물,죄,허물 죄
7__,住,살,주,살 주
7__,主,임금/주인,주,임금/주인 주
6ii,注,부을,주,부을 주
6__,晝,낮,주,낮 주
5ii,週,주일,주,주일 주
5ii,州,고을,주,고을 주
4ii,走,달릴,주,달릴 주
4__,酒,술,주,술 주
4__,朱,붉을,주,붉을 주
4__,周,두루,주,두루 주
3ii,柱,기둥,주,기둥 주
3ii,珠,구슬,주,구슬 주
3ii,株,그루,주,그루 주
3ii,奏,아뢸,주,아뢸 주
3ii,洲,물가,주,물가 주
3ii,鑄,쇠불릴,주,쇠불릴 주
3ii,宙,집,주,집 주
3__,舟,배,주,배 주
4ii,竹,대,죽,대 죽
4ii,準,준할,준,준할 준
3__,遵,좇을,준,좇을 준
3__,俊,준걸,준,준걸 준
8__,中,가운데,중,가운데 중
7__,重,무거울,중,무거울 중
4ii,衆,무리,중,무리 중
3ii,仲,버금,중,버금 중
3ii,卽,곧,즉,곧 즉
4ii,增,더할,증,더할 증
4__,證,증거,증,증거 증
3ii,憎,미울,증,미울 증
3ii,曾,일찍,증,일찍 증
3ii,症,증세,증,증세 증
3ii,蒸,찔,증,찔 증
3__,贈,줄,증,줄 증
7__,紙,종이,지,종이 지
7__,地,땅,지,땅 지
5ii,知,알,지,알 지
5__,止,그칠,지,그칠 지
4ii,志,뜻,지,뜻 지
4ii,指,가리킬,지,가리킬 지
4ii,支,지탱할,지,지탱할 지
4ii,至,이를,지,이를 지
4__,持,가질,지,가질 지
4__,智,슬기/지혜,지,슬기/지혜 지
4__,誌,기록할,지,기록할 지
3ii,之,갈,지,갈 지
3ii,池,못,지,못 지
3ii,枝,가지,지,가지 지
3__,只,다만,지,다만 지
3__,遲,더딜/늦을,지,더딜/늦을 지
7ii,直,곧을,직,곧을 직
4ii,職,직분,직,직분 직
4__,織,짤,직,짤 직
4ii,進,나아갈,진,나아갈 진
4ii,眞,참,진,참 진
4__,珍,보배,진,보배 진
4__,盡,다할,진,다할 진
4__,陣,진칠,진,진칠 진
3ii,陳,베풀/묵을,진,베풀/묵을 진
3ii,震,우레,진,우레 진
3ii,鎭,진압할,진,진압할 진
3ii,辰,별,진,별 진|때 신
3ii,振,떨칠,진,떨칠 진
5ii,質,바탕,질,바탕 질
3ii,疾,병,질,병 질
3ii,秩,차례,질,차례 질
3__,姪,조카,질,조카 질
6ii,集,모을,집,모을 집
3ii,執,잡을,집,잡을 집
3ii,徵,부를,징,부를 징
3__,懲,징계할,징,징계할 징
4ii,次,버금,차,버금 차
4__,差,다를,차,다를 차
3ii,此,이,차,이 차
3ii,借,빌/빌릴,차,빌/빌릴 차
3__,且,또,차,또 차
5ii,着,붙을,착,붙을 착
3ii,錯,어긋날,착,어긋날 착
3__,捉,잡을,착,잡을 착
4__,讚,기릴,찬,기릴 찬
3ii,贊,도울,찬,도울 찬
4ii,察,살필,찰,살필 찰
5ii,參,참여할,참,참여할 참
3__,慙,부끄러워할,참,부끄러워할 참
3__,慘,참혹할,참,참혹할 참
6ii,窓,창,창,창 창
5__,唱,부를,창,부를 창
4ii,創,비롯할,창,비롯할 창
3ii,昌,창성할,창,창성할 창
3ii,蒼,푸를,창,푸를 창
3ii,倉,곳집,창,곳집 창
3__,暢,화창할,창,화창할 창
4__,採,캘,채,캘 채
3ii,債,빚,채,빚 채
3ii,彩,채색,채,채색 채
3ii,菜,나물,채,나물 채
5ii,責,꾸짖을,책,꾸짖을 책
4__,冊,책,책,책 책
3ii,策,꾀,책,꾀 책
4ii,處,곳,처,곳 처
3ii,妻,아내,처,아내 처
3ii,尺,자,척,자 척
3ii,戚,친척,척,친척 척
3ii,拓,넓힐,척,넓힐 척
3__,斥,물리칠,척,물리칠 척
7__,千,일천,천,일천 천
7__,天,하늘,천,하늘 천
7__,川,내,천,내 천
4__,泉,샘,천,샘 천
3ii,踐,밟을,천,밟을 천
3ii,賤,천할,천,천할 천
3ii,淺,얕을,천,얕을 천
3ii,遷,옮길,천,옮길 천
3__,薦,천거할,천,천거할 천
5__,鐵,쇠,철,쇠 철
3ii,哲,밝을,철,밝을 철
3ii,徹,통할,철,통할 철
3__,尖,뾰족할,첨,뾰족할 첨
3__,添,더할,첨,더할 첨
3__,妾,첩,첩,첩 첩
8__,靑,푸를,청,푸를 청
6ii,淸,맑을,청,맑을 청
4ii,請,청할,청,청할 청
4__,聽,들을,청,들을 청
4__,廳,관청,청,관청 청
3__,晴,갤,청,갤 청
6ii,體,몸,체,몸 체
3ii,滯,막힐,체,막힐 체
3__,遞,갈릴,체,갈릴 체
3__,逮,잡을,체,잡을 체
3__,替,바꿀,체,바꿀 체
7__,草,풀,초,풀 초
5__,初,처음,초,처음 초
4__,招,부를,초,부를 초
3ii,超,뛰어넘을,초,뛰어넘을 초
3ii,肖,닮을/같을,초,닮을/같을 초
3ii,礎,주춧돌,초,주춧돌 초
3__,抄,뽑을,초,뽑을 초
3__,秒,분초,초,분초 초
3ii,觸,닿을,촉,닿을 촉
3ii,促,재촉할,촉,재촉할 촉
3__,燭,촛불,촉,촛불 촉
8__,寸,마디,촌,마디 촌
7__,村,마을,촌,마을 촌
4ii,總,다,총,다 총
4ii,銃,총,총,총 총
3__,聰,귀밝을,총,귀밝을 총
5__,最,가장,최,가장 최
3ii,催,재촉할,최,재촉할 최
7__,秋,가을,추,가을 추
4__,推,밀,추,밀 추
3ii,追,쫓을/따를,추,쫓을/따를 추
3__,醜,추할,추,추할 추
3__,抽,뽑을,추,뽑을 추
5__,祝,빌,축,빌 축
4ii,築,쌓을,축,쌓을 축
4ii,蓄,모을,축,모을 축
4__,縮,줄일,축,줄일 축
3ii,畜,짐승,축,짐승 축
3__,逐,쫓을,축,쫓을 축
3__,丑,소,축,소 축
7__,春,봄,춘,봄 춘
7__,出,날,출,날 출
5ii,充,채울,충,채울 충
4ii,忠,충성,충,충성 충
4ii,蟲,벌레,충,벌레 충
3ii,衝,찌를,충,찌를 충
4ii,取,가질,취,가질 취
4__,就,나아갈,취,나아갈 취
4__,趣,뜻,취,뜻 취
3ii,吹,불,취,불 취
3ii,醉,취할,취,취할 취
3__,臭,냄새,취,냄새 취
4ii,測,헤아릴,측,헤아릴 측
3ii,側,곁,측,곁 측
4__,層,층,층,층 층
5__,致,이를,치,이를 치
4ii,治,다스릴,치,다스릴 치
4ii,置,둘,치,둘 치
4ii,齒,이,치,이 치
3ii,値,값,치,값 치
3ii,恥,부끄러울,치,부끄러울 치
3ii,稚,어릴,치,어릴 치
5__,則,법칙,칙,법칙 칙
6__,親,친할,친,친할 친
8__,七,일곱,칠,일곱 칠
3ii,漆,옻,칠,옻 칠
4ii,侵,침노할,침,침노할 침
4__,寢,잘,침,잘 침
4__,針,바늘,침,바늘 침
3ii,浸,잠길,침,잠길 침
3ii,沈,잠길,침,잠길 침|성씨 심
3__,枕,베개,침,베개 침
4__,稱,일컬을,칭,일컬을 칭
4ii,快,쾌할,쾌,쾌할 쾌
5__,他,다를,타,다를 타
5__,打,칠,타,칠 타
3__,妥,온당할,타,온당할 타
3__,墮,떨어질,타,떨어질 타
5__,卓,높을,탁,높을 탁
3__,托,맡길,탁,맡길 탁
3__,濁,흐릴,탁,흐릴 탁
3__,濯,씻을,탁,씻을 탁
5__,炭,숯,탄,숯 탄
4__,歎,탄식할,탄,탄식할 탄
4__,彈,탄알,탄,탄알 탄
3__,誕,낳을/거짓,탄,낳을/거짓 탄
4__,脫,벗을,탈,벗을 탈
3ii,奪,빼앗을,탈,빼앗을 탈
4__,探,찾을,탐,찾을 탐
3__,貪,탐할,탐,탐할 탐
3ii,塔,탑,탑,탑 탑
3ii,湯,끓일,탕,끓일 탕
6__,太,클,태,클 태
4ii,態,모습,태,모습 태
3ii,殆,거의,태,거의 태
3ii,泰,클,태,클 태
3__,怠,게으를,태,게으를 태
5ii,宅,집,택,집 택
4__,擇,가릴,택,가릴 택
3ii,澤,못,택,못 택
8__,土,흙,토,흙 토
4__,討,칠,토,칠 토
3ii,吐,토할,토,토할 토
3ii,兔,토끼,토,토끼 토
6__,通,통할,통,통할 통
4ii,統,거느릴,통,거느릴 통
4__,痛,아플,통,아플 통
4ii,退,물러날,퇴,물러날 퇴
4__,投,던질,투,던질 투
4__,鬪,싸움,투,싸움 투
3ii,透,사무칠,투,사무칠 투
6__,特,특별할,특,특별할 특
4ii,波,물결,파,물결 파
4ii,破,깨뜨릴,파,깨뜨릴 파
4__,派,갈래,파,갈래 파
3__,播,뿌릴,파,뿌릴 파
3__,把,잡을,파,잡을 파
3__,罷,마칠,파,마칠 파
3__,頗,자못,파,자못 파
5__,板,널,판,널 판
4__,判,판단할,판,판단할 판
3ii,版,판목,판,판목 판
3__,販,팔,판,팔 판
8__,八,여덟,팔,여덟 팔
5__,敗,패할,패,패할 패
3__,貝,조개,패,조개 패
7__,便,편할,편,편할 편|똥오줌 변
4__,篇,책,편,책 편
3ii,編,엮을,편,엮을 편
3ii,片,조각,편,조각 편
3ii,偏,치우칠,편,치우칠 편
3__,遍,두루,편,두루 편
7ii,平,평평할,평,평평할 평
4__,評,평할,평,평할 평
4__,閉,닫을,폐,닫을 폐
3ii,肺,허파,폐,허파 폐
3ii,廢,폐할/버릴,폐,폐할/버릴 폐
3ii,弊,폐단/해질,폐,폐단/해질 폐
3__,幣,화폐,폐,화폐 폐
3__,蔽,덮을,폐,덮을 폐
4ii,砲,대포,포,대포 포
4ii,包,쌀,포,쌀 포
4ii,布,베/펼,포,베/펼 포|보시 보
4__,胞,세포,포,세포 포
3ii,捕,잡을,포,잡을 포
3ii,浦,개,포,개 포
3__,抱,안을,포,안을 포
3__,飽,배부를,포,배부를 포
4ii,暴,사나울,폭,사나울 폭|모질 포
4__,爆,불터질,폭,불터질 폭
3__,幅,폭,폭,폭 폭
6ii,表,겉,표,겉 표
4ii,票,표,표,표 표
4__,標,표할,표,표할 표
3__,漂,떠다닐,표,떠다닐 표
5ii,品,물건,품,물건 품
6ii,風,바람,풍,바람 풍
4ii,豊,풍년,풍,풍년 풍
3ii,楓,단풍,풍,단풍 풍
4__,疲,피곤할,피,피곤할 피
4__,避,피할,피,피할 피
3ii,被,입을,피,입을 피
3ii,皮,가죽,피,가죽 피
3ii,彼,저,피,저 피
5ii,必,반드시,필,반드시 필
5ii,筆,붓,필,붓 필
3ii,畢,마칠,필,마칠 필
3__,匹,짝,필,짝 필
7ii,下,아래,하,아래 하
7__,夏,여름,하,여름 하
5__,河,물,하,물 하
3ii,荷,멜,하,멜 하
3ii,賀,하례할,하,하례할 하
3ii,何,어찌,하,어찌 하
8__,學,배울,학,배울 학
3ii,鶴,학,학,학 학
8__,韓,한국/나라,한,한국/나라 한
7ii,漢,한수/한나라,한,한수/한나라 한
5__,寒,찰,한,찰 한
4ii,限,한할,한,한할 한
4__,閑,한가할,한,한가할 한
4__,恨,한,한,한 한
3ii,汗,땀,한,땀 한
3__,旱,가물,한,가물 한
3ii,割,벨,할,벨 할
3ii,含,머금을,함,머금을 함
3ii,陷,빠질,함,빠질 함
3__,咸,다,함,다 함
6__,合,합할,합,합할 합
4ii,航,배,항,배 항
4ii,港,항구,항,항구 항
4__,抗,겨룰,항,겨룰 항
3ii,恒,항상,항,항상 항
3ii,項,항목,항,항목 항
3__,巷,거리,항,거리 항
7ii,海,바다,해,바다 해
5ii,害,해할,해,해할 해
4ii,解,풀,해,풀 해
3__,亥,돼지,해,돼지 해
3__,奚,어찌,해,어찌 해
3__,該,갖출/마땅,해,갖출/마땅 해
4__,核,씨,핵,씨 핵
6ii,幸,다행,행,다행 행
6__,行,다닐,행,다닐 행|항렬 항
6__,向,향할,향,향할 향
4ii,鄕,시골,향,시골 향
4ii,香,향기,향,향기 향
3ii,響,울릴,향,울릴 향
3__,享,누릴,향,누릴 향
5__,許,허락할,허,허락할 허
4ii,虛,빌,허,빌 허
4__,憲,법,헌,법 헌
3ii,獻,드릴,헌,드릴 헌
3__,軒,집,헌,집 헌
4ii,驗,시험,험,시험 험
4__,險,험할,험,험할 험
4__,革,가죽,혁,가죽 혁
6ii,現,나타날,현,나타날 현
4ii,賢,어질,현,어질 현
4__,顯,나타날,현,나타날 현
3ii,懸,달,현,달 현
3ii,玄,검을,현,검을 현
3__,絃,줄,현,줄 현
3__,縣,고을,현,고을 현
4ii,血,피,혈,피 혈
3ii,穴,굴,혈,굴 혈
3__,嫌,싫어할,혐,싫어할 혐
4ii,協,화할,협,화할 협
3ii,脅,위협할,협,위협할 협
8__,兄,형,형,형 형
6ii,形,모양,형,모양 형
4__,刑,형벌,형,형벌 형
3ii,衡,저울대,형,저울대 형
3__,亨,형통할,형,형통할 형
3__,螢,반딧불,형,반딧불 형
4ii,惠,은혜,혜,은혜 혜
3ii,慧,슬기로울,혜,슬기로울 혜
3__,兮,어조사,혜,어조사 혜
6__,號,이름,호,이름 호
5__,湖,호수,호,호수 호
4ii,好,좋을,호,좋을 호
4ii,戶,집,호,집 호
4ii,護,도울,호,도울 호
4ii,呼,부를,호,부를 호
3ii,浩,넓을,호,넓을 호
3ii,豪,호걸,호,호걸 호
3ii,胡,되,호,되 호
3ii,虎,범,호,범 호
3__,乎,어조사,호,어조사 호
3__,互,서로,호,서로 호
3__,毫,터럭,호,터럭 호
4__,或,혹,혹,혹 혹
3ii,惑,미혹할,혹,미혹할 혹
4__,婚,혼인할,혼,혼인할 혼
4__,混,섞일,혼,섞일 혼
3ii,魂,넋,혼,넋 혼
3__,昏,어두울,혼,어두울 혼
3ii,忽,갑자기,홀,갑자기 홀
4__,紅,붉을,홍,붉을 홍
3ii,洪,넓을,홍,넓을 홍
3__,鴻,기러기,홍,기러기 홍
3__,弘,클,홍,클 홍
8__,火,불,화,불 화
7ii,話,말씀,화,말씀 화
7__,花,꽃,화,꽃 화
6ii,和,화할,화,화할 화
6__,畫,그림,화,그림 화|그을 획
5ii,化,될,화,될 화
4ii,貨,재물,화,재물 화
4__,華,빛날,화,빛날 화
3ii,禍,재앙,화,재앙 화
3__,禾,벼,화,벼 화
4ii,確,굳을,확,굳을 확
3__,穫,거둘,확,거둘 확
3__,擴,넓힐,확,넓힐 확
5__,患,근심,환,근심 환
4__,歡,기쁠,환,기쁠 환
4__,環,고리,환,고리 환
3ii,還,돌아올,환,돌아올 환
3ii,換,바꿀,환,바꿀 환
3__,丸,둥글,환,둥글 환
7ii,活,살,활,살 활
6__,黃,누를,황,누를 황
4__,況,상황,황,상황 황
3ii,皇,임금,황,임금 황
3ii,荒,거칠,황,거칠 황
6ii,會,모일,회,모일 회
4ii,回,돌아올,회,돌아올 회
4__,灰,재,회,재 회
3ii,懷,품을,회,품을 회
3ii,悔,뉘우칠,회,뉘우칠 회
3ii,獲,얻을,획,얻을 획
3ii,劃,그을,획,그을 획
3ii,橫,가로,횡,가로 횡
7ii,孝,효도,효,효도 효
5ii,效,본받을,효,본받을 효
3__,曉,새벽,효,새벽 효
7ii,後,뒤,후,뒤 후
4__,厚,두터울,후,두터울 후
4__,候,기후,후,기후 후
3__,侯,제후,후,제후 후
6__,訓,가르칠,훈,가르칠 훈
3__,毁,헐,훼,헐 훼
4__,揮,휘두를,휘,휘두를 휘
3__,輝,빛날,휘,빛날 휘
7__,休,쉴,휴,쉴 휴
3__,携,이끌,휴,이끌 휴
5ii,凶,흉할,흉,흉할 흉
3ii,胸,가슴,흉,가슴 흉
5__,黑,검을,흑,검을 흑
4ii,吸,마실,흡,마실 흡
4ii,興,일,흥,일 흥
4ii,希,바랄,희,바랄 희
4__,喜,기쁠,희,기쁠 희
3ii,稀,드물,희,드물 희
3ii,戲,놀이,희,놀이 희
