hanja,kor,radical,total_num_of_strokes,level,level_sort,rep_pron
家,집 가,宀,10획,준7급,7ii,가
假,거짓 가,人,11획,준4급,4ii,가
街,거리 가,行,12획,준4급,4ii,가
暇,틈/겨를 가,日,13획,4급,4__,가
歌,노래 가,欠,14획,7급,7__,가
價,값 가,人,15획,준5급,5ii,가
加,더할 가,力,5획,5급,5__,가
可,옳을 가,口,5획,5급,5__,가
佳,아름다울 가,人,8획,준3급,3ii,가
架,시렁 가,木,9획,준3급,3ii,가
脚,다리 각,肉,11획,준3급,3ii,각
閣,집 각,門,14획,준3급,3ii,각
覺,깨달을 각,見,20획,4급,4__,각
各,각각 각,口,6획,준6급,6ii,각
角,뿔 각,角,7획,준6급,6ii,각
却,물리칠 각,卩,7획,3급,3__,각
刻,새길 각,刀,8획,4급,4__,각
間,사이 간,門,12획,준7급,7ii,간
幹,줄기 간,干,13획,준3급,3ii,간
懇,간절할 간,心,17획,준3급,3ii,간
簡,대쪽/간략할 간,竹,18획,4급,4__,간
干,방패 간,干,3획,4급,4__,간
刊,새길 간,刀,5획,준3급,3ii,간
肝,간 간,肉,7획,준3급,3ii,간
姦,간음할 간,女,9획,3급,3__,간
看,볼 간,目,9획,4급,4__,간
渴,목마를 갈,水,12획,3급,3__,갈
敢,감히/구태여 감,攴,12획,4급,4__,감
減,덜 감,水,12획,준4급,4ii,감
感,느낄 감,心,13획,6급,6__,감
監,볼 감,皿,14획,준4급,4ii,감
鑑,거울 감,金,22획,준3급,3ii,감
甘,달 감,甘,5획,4급,4__,감
甲,갑옷 갑,田,5획,4급,4__,갑
剛,굳셀 강,刀,10획,준3급,3ii,강
強,강할 강,弓,11획,6급,6__,강
康,편안 강,广,11획,준4급,4ii,강
綱,벼리 강,糸,14획,준3급,3ii,강
鋼,강철 강,金,16획,준3급,3ii,강
講,욀 강,言,17획,준4급,4ii,강
江,강 강,水,6획,준7급,7ii,강
降,내릴 강|항복할 항,阜,9획,4급,4__,강
個,낱 개,人,10획,준4급,4ii,개
開,열 개,門,12획,6급,6__,개
慨,슬퍼할 개,心,14획,3급,3__,개
蓋,덮을 개,艸,14획,준3급,3ii,개
槪,대개 개,木,15획,준3급,3ii,개
介,낄 개,人,4획,준3급,3ii,개
改,고칠 개,攴,7획,5급,5__,개
皆,다 개,白,9획,3급,3__,개
客,손 객,宀,9획,준5급,5ii,객
距,상거할 거,足,12획,준3급,3ii,거
據,근거 거,手,16획,4급,4__,거
擧,들 거,手,18획,5급,5__,거
去,갈 거,厶,5획,5급,5__,거
巨,클 거,工,5획,4급,4__,거
拒,막을 거,手,8획,4급,4__,거
居,살 거,尸,8획,4급,4__,거
健,굳셀 건,人,11획,5급,5__,건
乾,하늘/마를 건,乙,11획,준3급,3ii,건
件,물건 건,人,6획,5급,5__,건
建,세울 건,廴,9획,5급,5__,건
傑,뛰어날 걸,人,12획,4급,4__,걸
乞,빌 걸,乙,3획,3급,3__,걸
劍,칼 검,刀,15획,준3급,3ii,검
儉,검소할 검,人,15획,4급,4__,검
檢,검사할 검,木,17획,준4급,4ii,검
格,격식 격,木,10획,준5급,5ii,격
隔,사이뜰 격,阜,13획,준3급,3ii,격
激,격할 격,水,16획,4급,4__,격
擊,칠 격,手,17획,4급,4__,격
牽,이끌/끌 견,牛,11획,3급,3__,견
堅,굳을 견,土,11획,4급,4__,견
絹,비단 견,糸,13획,3급,3__,견
遣,보낼 견,辵,14획,3급,3__,견
犬,개 견,犬,4획,4급,4__,견
見,볼 견|뵈올 현,見,7획,준5급,5ii,견
肩,어깨 견,肉,8획,3급,3__,견
缺,이지러질 결,缶,10획,준4급,4ii,결
訣,이별할 결,言,11획,준3급,3ii,결
結,맺을 결,糸,12획,준5급,5ii,결
潔,깨끗할 결,水,15획,준4급,4ii,결
決,결단할 결,水,7획,준5급,5ii,결
兼,겸할 겸,八,10획,준3급,3ii,겸
謙,겸손할 겸,言,17획,준3급,3ii,겸
徑,지름길/길 경,彳,10획,준3급,3ii,경
耕,밭갈 경,耒,10획,준3급,3ii,경
竟,마침내 경,立,11획,3급,3__,경
頃,이랑/잠깐 경,頁,11획,준3급,3ii,경
景,볕 경,日,12획,5급,5__,경
卿,벼슬 경,卩,12획,3급,3__,경
硬,굳을 경,石,12획,준3급,3ii,경
敬,공경 경,攴,13획,준5급,5ii,경
傾,기울 경,人,13획,4급,4__,경
經,지날/글 경,糸,13획,준4급,4ii,경
輕,가벼울 경,車,14획,5급,5__,경
境,지경 경,土,14획,준4급,4ii,경
慶,경사 경,心,15획,준4급,4ii,경
鏡,거울 경,金,19획,4급,4__,경
競,다툴 경,立,20획,5급,5__,경
警,깨우칠 경,言,20획,준4급,4ii,경
驚,놀랄 경,馬,23획,4급,4__,경
更,고칠 경|다시 갱,曰,7획,4급,4__,경
京,서울 경,亠,8획,6급,6__,경
庚,별 경,广,8획,3급,3__,경
桂,계수나무 계,木,10획,준3급,3ii,계
啓,열 계,口,11획,준3급,3ii,계
械,기계 계,木,11획,준3급,3ii,계
階,섬돌 계,阜,12획,4급,4__,계
溪,시내 계,水,13획,준3급,3ii,계
繫,맬 계,糸,19획,3급,3__,계
繼,이을 계,糸,20획,4급,4__,계
鷄,닭 계,鳥,21획,4급,4__,계
系,이어맬 계,糸,7획,4급,4__,계
戒,경계할 계,戈,7획,4급,4__,계
季,계절 계,子,8획,4급,4__,계
界,지경 계,田,9획,준6급,6ii,계
計,셀 계,言,9획,준6급,6ii,계
癸,북방/천간 계,癶,9획,3급,3__,계
契,맺을 계,大,9획,준3급,3ii,계
係,맬 계,人,9획,준4급,4ii,계
高,높을 고,高,10획,준6급,6ii,고
庫,곳집 고,广,10획,4급,4__,고
鼓,북 고,鼓,13획,준3급,3ii,고
稿,원고/볏짚 고,禾,15획,준3급,3ii,고
顧,돌아볼 고,頁,21획,3급,3__,고
古,옛 고,口,5획,6급,6__,고
考,생각할 고,老,6획,5급,5__,고
告,고할 고,口,7획,준5급,5ii,고
固,굳을 고,囗,8획,5급,5__,고
姑,시어미 고,女,8획,준3급,3ii,고
孤,외로울 고,子,8획,4급,4__,고
苦,쓸 고,艸,9획,6급,6__,고
枯,마를 고,木,9획,3급,3__,고
故,연고 고,攴,9획,준4급,4ii,고
哭,울 곡,口,10획,준3급,3ii,곡
穀,곡식 곡,禾,15획,4급,4__,곡
曲,굽을 곡,曰,6획,5급,5__,곡
谷,골 곡,谷,7획,준3급,3ii,곡
困,곤할 곤,囗,7획,4급,4__,곤
坤,땅 곤,土,8획,3급,3__,곤
骨,뼈 골,骨,10획,4급,4__,골
貢,바칠 공,貝,10획,준3급,3ii,공
恐,두려울 공,心,10획,준3급,3ii,공
恭,공손할 공,心,10획,준3급,3ii,공
工,장인 공,工,3획,준7급,7ii,공
公,공평할 공,八,4획,준6급,6ii,공
孔,구멍 공,子,4획,4급,4__,공
功,공 공,力,5획,준6급,6ii,공
共,한가지 공,八,6획,준6급,6ii,공
攻,칠 공,攴,7획,4급,4__,공
空,빌 공,穴,8획,준7급,7ii,공
供,이바지할 공,人,8획,준3급,3ii,공
過,지날 과,辵,13획,준5급,5ii,과
誇,자랑할 과,言,13획,준3급,3ii,과
寡,적을 과,宀,14획,준3급,3ii,과
課,공부할/과정 과,言,15획,준5급,5ii,과
果,실과 과,木,8획,준6급,6ii,과
科,과목 과,禾,9획,준6급,6ii,과
郭,둘레/외성 곽,邑,11획,3급,3__,곽
貫,꿸 관,貝,11획,준3급,3ii,관
慣,익숙할 관,心,14획,준3급,3ii,관
管,대롱/주관할 관,竹,14획,4급,4__,관
寬,너그러울 관,宀,15획,준3급,3ii,관
館,집 관,食,17획,준3급,3ii,관
關,관계할 관,門,19획,준5급,5ii,관
觀,볼 관,見,25획,준5급,5ii,관
官,벼슬 관,宀,8획,준4급,4ii,관
冠,갓 관,冖,9획,준3급,3ii,관
廣,넓을 광,广,15획,준5급,5ii,광
鑛,쇳돌 광,金,23획,4급,4__,광
光,빛 광,儿,6획,준6급,6ii,광
狂,미칠 광,犬,7획,준3급,3ii,광
掛,걸 괘,手,11획,3급,3__,괘
塊,흙덩이 괴,土,13획,3급,3__,괴
愧,부끄러울 괴,心,13획,3급,3__,괴
壞,무너질 괴,土,19획,준3급,3ii,괴
怪,괴이할 괴,心,8획,준3급,3ii,괴
校,학교 교,木,10획,8급,8__,교
敎,가르칠 교,攴,11획,8급,8__,교
較,견줄/비교할 교,車,13획,준3급,3ii,교
橋,다리 교,木,16획,5급,5__,교
矯,바로잡을 교,矢,17획,3급,3__,교
巧,공교할 교,工,5획,준3급,3ii,교
交,사귈 교,亠,6획,6급,6__,교
郊,들 교,邑,9획,3급,3__,교
俱,함께 구,人,10획,3급,3__,구
球,공 구,玉,11획,준6급,6ii,구
區,구분할/지경 구,匸,11획,6급,6__,구
救,구원할 구,攴,11획,5급,5__,구
構,얽을 구,木,14획,4급,4__,구
舊,예 구,臼,18획,준5급,5ii,구
驅,몰 구,馬,21획,3급,3__,구
懼,두려워할 구,心,21획,3급,3__,구
九,아홉 구,乙,2획,8급,8__,구
口,입 구,口,3획,7급,7__,구
久,오랠 구,丿,3획,준3급,3ii,구
丘,언덕 구,一,5획,준3급,3ii,구
句,글귀 구,口,5획,준4급,4ii,구
求,구할 구,水,7획,준4급,4ii,구
究,연구할 구,穴,7획,준4급,4ii,구
具,갖출 구,八,8획,준5급,5ii,구
狗,개 구,犬,8획,3급,3__,구
拘,잡을 구,手,8획,준3급,3ii,구
苟,진실로/구차할 구,艸,9획,3급,3__,구
國,나라 국,囗,11획,8급,8__,국
菊,국화 국,艸,12획,준3급,3ii,국
局,판 국,尸,7획,준5급,5ii,국
郡,고을 군,邑,10획,6급,6__,군
群,무리 군,羊,13획,4급,4__,군
君,임금 군,口,7획,4급,4__,군
軍,군사 군,車,9획,8급,8__,군
屈,굽힐 굴,尸,8획,4급,4__,굴
宮,집 궁,宀,10획,준4급,4ii,궁
窮,다할/궁할 궁,穴,15획,4급,4__,궁
弓,활 궁,弓,3획,준3급,3ii,궁
拳,주먹 권,手,10획,준3급,3ii,권
勸,권할 권,力,20획,4급,4__,권
權,권세 권,木,21획,준4급,4ii,권
券,문서 권,刀,8획,4급,4__,권
卷,책 권,卩,8획,4급,4__,권
厥,그 궐,厂,12획,3급,3__,궐
軌,바퀴자국 궤,車,9획,3급,3__,궤
鬼,귀신 귀,鬼,10획,준3급,3ii,귀
貴,귀할 귀,貝,12획,5급,5__,귀
龜,거북 구/귀|터질 균,龜,16획,3급,3__,귀
歸,돌아갈 귀,止,18획,4급,4__,귀
規,법 규,見,11획,5급,5__,규
叫,부르짖을 규,口,5획,3급,3__,규
糾,얽힐 규,糸,8획,3급,3__,규
菌,버섯 균,艸,12획,준3급,3ii,균
均,고를 균,土,7획,4급,4__,균
極,다할/극진할 극,木,13획,준4급,4ii,극
劇,심할 극,刀,15획,4급,4__,극
克,이길 극,儿,7획,준3급,3ii,극
根,뿌리 근,木,10획,6급,6__,근
筋,힘줄 근,竹,12획,4급,4__,근
僅,겨우 근,人,13획,3급,3__,근
勤,부지런할 근,力,13획,4급,4__,근
謹,삼갈 근,言,18획,3급,3__,근
斤,근/날 근,斤,4획,3급,3__,근
近,가까울 근,辵,8획,6급,6__,근
琴,거문고 금,玉,12획,준3급,3ii,금
禽,새 금,禸,13획,준3급,3ii,금
禁,금할 금,示,13획,준4급,4ii,금
錦,비단 금,金,16획,준3급,3ii,금
今,이제 금,人,4획,준6급,6ii,금
金,쇠 금|성 김,金,8획,8급,8__,금
級,등급 급,糸,10획,6급,6__,급
給,줄 급,糸,12획,5급,5__,급
及,미칠 급,又,4획,준3급,3ii,급
急,급할 급,心,9획,준6급,6ii,급
肯,즐길 긍,肉,8획,3급,3__,긍
氣,기운 기,气,10획,준7급,7ii,기
記,기록할 기,言,10획,준7급,7ii,기
豈,어찌 기,豆,10획,3급,3__,기
起,일어날 기,走,10획,준4급,4ii,기
基,터 기,土,11획,준5급,5ii,기
旣,이미 기,无,11획,3급,3__,기
飢,주릴 기,食,11획,3급,3__,기
寄,부칠 기,宀,11획,4급,4__,기
期,기약할 기,月,12획,5급,5__,기
棄,버릴 기,木,12획,3급,3__,기
欺,속일 기,欠,12획,3급,3__,기
幾,몇 기,幺,12획,3급,3__,기
旗,기 기,方,14획,7급,7__,기
畿,경기 기,田,15획,준3급,3ii,기
機,틀 기,木,16획,4급,4__,기
器,그릇 기,口,16획,준4급,4ii,기
騎,말탈 기,馬,18획,준3급,3ii,기
己,몸 기,己,3획,준5급,5ii,기
企,꾀할 기,人,6획,준3급,3ii,기
汽,물끓는김 기,水,7획,5급,5__,기
技,재주 기,手,7획,5급,5__,기
忌,꺼릴 기,心,7획,3급,3__,기
其,그 기,八,8획,준3급,3ii,기
奇,기특할 기,大,8획,4급,4__,기
祈,빌 기,示,9획,준3급,3ii,기
紀,벼리 기,糸,9획,4급,4__,기
緊,긴할 긴,糸,14획,준3급,3ii,긴
吉,길할 길,口,6획,5급,5__,길
那,어찌 나,邑,7획,3급,3__,나
諾,허락할 낙,言,16획,준3급,3ii,낙
暖,따뜻한/뜨거울 난,日,13획,준4급,4ii,난
難,어려울 난,隹,19획,준4급,4ii,난
男,사내 남,田,7획,준7급,7ii,남
南,남녘 남,十,9획,8급,8__,남
納,들일 납,糸,10획,4급,4__,납
乃,이에 내,丿,2획,3급,3__,내
內,안 내,入,4획,준7급,7ii,내
奈,어찌 내|어찌 나,大,8획,3급,3__,내
耐,견딜 내,而,9획,준3급,3ii,내
女,계집 녀,女,3획,8급,8__,녀
年,해 년,干,6획,8급,8__,년
念,생각 념,心,8획,준5급,5ii,념
寧,편안 녕,宀,14획,준3급,3ii,녕
奴,종 노,女,5획,준3급,3ii,노
努,힘쓸 노,力,7획,준4급,4ii,노
怒,성낼 노,心,9획,준4급,4ii,노
農,농사 농,辰,13획,준7급,7ii,농
惱,번뇌할 뇌,心,12획,3급,3__,뇌
腦,골/뇌수 뇌,肉,13획,준3급,3ii,뇌
能,능할 능,肉,10획,준5급,5ii,능
泥,진흙 니,水,8획,준3급,3ii,니
多,많을 다,夕,6획,6급,6__,다
短,짧을 단,矢,12획,준6급,6ii,단
團,둥글 단,囗,14획,준5급,5ii,단
端,끝 단,立,14획,준4급,4ii,단
壇,단 단,土,16획,5급,5__,단
檀,박달나무 단,木,17획,준4급,4ii,단
斷,끊을 단,斤,18획,준4급,4ii,단
丹,붉을 단,丶,4획,준3급,3ii,단
旦,아침 단,日,5획,준3급,3ii,단
但,다만 단,人,7획,준3급,3ii,단
段,층계 단,殳,9획,4급,4__,단
達,통달할 달,辵,13획,준4급,4ii,달
淡,맑을 담,水,11획,준3급,3ii,담
談,말씀 담,言,15획,5급,5__,담
擔,멜 담,手,16획,준4급,4ii,담
答,대답 답,竹,12획,준7급,7ii,답
踏,밟을 답,足,15획,준3급,3ii,답
畓,논 답,田,9획,3급,3__,답
唐,당나라/당황할 당,口,10획,준3급,3ii,당
堂,집 당,土,11획,준6급,6ii,당
當,마땅 당,田,13획,준5급,5ii,당
糖,엿 당,米,16획,준3급,3ii,당
黨,무리 당,黑,20획,준4급,4ii,당
帶,띠 대,巾,11획,준4급,4ii,대
貸,빌릴/뀔 대,貝,12획,준3급,3ii,대
隊,무리 대,阜,12획,준4급,4ii,대
對,대할 대,寸,14획,준6급,6ii,대
臺,대 대,至,14획,준3급,3ii,대
大,큰 대,大,3획,8급,8__,대
代,대신할 대,人,5획,준6급,6ii,대
待,기다릴 대,彳,9획,6급,6__,대
德,큰 덕,彳,15획,준5급,5ii,덕
島,섬 도,山,10획,5급,5__,도
桃,복숭아 도,木,10획,준3급,3ii,도
倒,넘어질 도,人,10획,준3급,3ii,도
徒,무리 도,彳,10획,4급,4__,도
逃,도망할 도,辵,10획,4급,4__,도
陶,질그릇 도,阜,11획,준3급,3ii,도
途,길 도,辵,11획,준3급,3ii,도
都,도읍 도,邑,12획,5급,5__,도
渡,건널 도,水,12획,준3급,3ii,도
盜,도둑 도,皿,12획,4급,4__,도
道,길 도,辵,13획,준7급,7ii,도
跳,뛸 도,足,13획,3급,3__,도
塗,칠할 도,土,13획,3급,3__,도
圖,그림 도,囗,14획,준6급,6ii,도
稻,벼 도,禾,15획,3급,3__,도
導,인도할 도,寸,16획,준4급,4ii,도
刀,칼 도,刀,2획,준3급,3ii,도
到,이를 도,刀,8획,준5급,5ii,도
度,법도 도|헤아릴 탁,广,9획,6급,6__,도
挑,돋울 도,手,9획,3급,3__,도
督,감독할 독,目,13획,준4급,4ii,독
獨,홀로 독,犬,16획,준5급,5ii,독
篤,도타울 독,竹,16획,3급,3__,독
讀,읽을 독|구절 두,言,22획,준6급,6ii,독
毒,독 독,毋,9획,준4급,4ii,독
豚,돼지 돈,豕,11획,3급,3__,돈
敦,도타울 돈,攴,12획,3급,3__,돈
突,갑자기 돌,穴,9획,준3급,3ii,돌
凍,얼 동,冫,10획,준3급,3ii,동
動,움직일 동,力,11획,준7급,7ii,동
童,아이 동,立,12획,준6급,6ii,동
銅,구리 동,金,14획,준4급,4ii,동
冬,겨울 동,冫,5획,7급,7__,동
同,한가지 동,口,6획,7급,7__,동
東,동녘 동,木,8획,8급,8__,동
洞,골 동|밝을 통,水,9획,7급,7__,동
頭,머리 두,頁,16획,6급,6__,두
斗,말 두,斗,4획,준4급,4ii,두
豆,콩 두,豆,7획,준4급,4ii,두
鈍,둔할 둔,金,12획,3급,3__,둔
屯,진칠 둔,屮,4획,3급,3__,둔
得,얻을 득,彳,11획,준4급,4ii,득
登,오를 등,癶,12획,7급,7__,등
等,무리 등,竹,12획,준6급,6ii,등
燈,등 등,火,16획,준4급,4ii,등
騰,오를 등,馬,20획,3급,3__,등
羅,벌릴 라,网,19획,준4급,4ii,라
絡,이을/얽을 락,糸,12획,준3급,3ii,락
落,떨어질 락,艸,13획,5급,5__,락
樂,즐길 락|노래 악|좋아할 요,木,15획,준6급,6ii,락
亂,어지러울 란,乙,13획,4급,4__,란
欄,난간 란,木,21획,준3급,3ii,란
蘭,난초 란,艸,21획,준3급,3ii,란
卵,알 란,卩,7획,4급,4__,란
濫,넘칠 람,水,17획,3급,3__,람
覽,볼 람,見,21획,4급,4__,람
娘,계집 낭/랑,女,10획,준3급,3ii,랑
浪,물결 랑,水,10획,준3급,3ii,랑
郞,사내 랑,邑,10획,준3급,3ii,랑
朗,밝을 랑,月,11획,준5급,5ii,랑
廊,사랑채/행랑 랑,广,13획,준3급,3ii,랑
來,올 래,人,8획,7급,7__,래
冷,찰 랭,冫,7획,5급,5__,랭
掠,노략질할 략,手,11획,3급,3__,략
略,간략할/약할 략,田,11획,4급,4__,략
涼,서늘할 량,水,11획,준3급,3ii,량
梁,들보/돌다리 량,木,11획,준3급,3ii,량
量,헤아릴 량,里,12획,5급,5__,량
諒,살펴알/믿을 량,言,15획,3급,3__,량
糧,양식 량,米,18획,4급,4__,량
良,어질 량,艮,7획,준5급,5ii,량
兩,두 량,入,8획,준4급,4ii,량
旅,나그네 려,方,10획,준5급,5ii,려
慮,생각할 려,心,15획,4급,4__,려
勵,힘쓸 려,力,17획,준3급,3ii,려
麗,고울 려|나라 이름 리,鹿,19획,준4급,4ii,려
歷,지날 력,止,16획,준5급,5ii,력
曆,책력 력,日,16획,준3급,3ii,력
力,힘 력,力,2획,준7급,7ii,력
連,이을 련,辵,11획,준4급,4ii,련
練,익힐 련,糸,15획,준5급,5ii,련
憐,불쌍히여길 련,心,15획,3급,3__,련
蓮,연꽃 련,艸,15획,준3급,3ii,련
鍊,쇠불릴/단련할 련,金,17획,준3급,3ii,련
聯,연이을 련,耳,17획,준3급,3ii,련
戀,그리워할/그릴 련,心,23획,준3급,3ii,련
烈,매울 렬,火,10획,4급,4__,렬
裂,찢어질 렬,衣,12획,준3급,3ii,렬
劣,못할 렬,力,6획,3급,3__,렬
列,벌릴 렬,刀,6획,준4급,4ii,렬
廉,청렴할 렴,广,13획,3급,3__,렴
獵,사냥 렵,犬,18획,3급,3__,렵
零,떨어질/영 령,雨,13획,3급,3__,령
領,거느릴 령,頁,14획,5급,5__,령
嶺,고개 령,山,17획,준3급,3ii,령
靈,신령 령,雨,24획,준3급,3ii,령
令,하여금 령,人,5획,5급,5__,령
隷,종 례,隶,16획,3급,3__,례
禮,예도 례,示,18획,6급,6__,례
例,법식 례,人,8획,6급,6__,례
勞,일할 로,力,12획,준5급,5ii,로
路,길 로,足,13획,6급,6__,로
爐,화로 로,火,20획,준3급,3ii,로
露,이슬 로,雨,21획,준3급,3ii,로
老,늙을 로,老,6획,7급,7__,로
鹿,사슴 록,鹿,11획,3급,3__,록
祿,녹 록,示,13획,준3급,3ii,록
綠,푸를 록,糸,14획,6급,6__,록
錄,기록할 록,金,16획,준4급,4ii,록
論,논할 론,言,15획,준4급,4ii,론
弄,희롱할 롱,廾,7획,준3급,3ii,롱
雷,우레 뢰,雨,13획,준3급,3ii,뢰
賴,의뢰할 뢰,貝,16획,준3급,3ii,뢰
料,헤아릴 료,斗,10획,5급,5__,료
僚,동료 료,人,14획,3급,3__,료
了,마칠 료,亅,2획,3급,3__,료
龍,용 룡,龍,16획,4급,4__,룡
淚,눈물 루,水,11획,3급,3__,루
累,여러/자주 루,糸,11획,준3급,3ii,루
屢,여러 루,尸,14획,3급,3__,루
漏,샐 루,水,14획,준3급,3ii,루
樓,다락 루,木,15획,준3급,3ii,루
流,흐를 류,水,10획,준5급,5ii,류
留,머무를 류,田,10획,준4급,4ii,류
類,무리 류,頁,19획,준5급,5ii,류
柳,버들 류,木,9획,4급,4__,류
陸,뭍 륙,阜,11획,준5급,5ii,륙
六,여섯 륙,八,4획,8급,8__,륙
倫,인륜 륜,人,10획,준3급,3ii,륜
輪,바퀴 륜,車,15획,4급,4__,륜
栗,밤 률,木,10획,준3급,3ii,률
率,비율 률|거느릴 솔,玄,11획,준3급,3ii,률
律,법칙 률,彳,9획,준4급,4ii,률
隆,높을 륭,阜,12획,준3급,3ii,륭
陵,언덕 릉,阜,11획,준3급,3ii,릉
理,다스릴 리,玉,11획,준6급,6ii,리
梨,배 리,木,11획,3급,3__,리
裏,속 리,衣,13획,준3급,3ii,리
履,밟을 리,尸,15획,준3급,3ii,리
離,떠날 리,隹,19획,4급,4__,리
吏,벼슬아치/관리 리,口,6획,준3급,3ii,리
里,마을 리,里,7획,7급,7__,리
利,이할 리,刀,7획,준6급,6ii,리
李,오얏/성 리,木,7획,6급,6__,리
隣,이웃 린,阜,15획,3급,3__,린
臨,임할 림,臣,17획,준3급,3ii,림
林,수풀 림,木,8획,7급,7__,림
立,설 립,立,5획,준7급,7ii,립
馬,말 마,馬,10획,5급,5__,마
麻,삼 마,麻,11획,준3급,3ii,마
磨,갈 마,石,16획,준3급,3ii,마
莫,없을 막,艸,11획,준3급,3ii,막
漠,넓을 막,水,14획,준3급,3ii,막
幕,장막 막,巾,14획,준3급,3ii,막
晚,늦을 만,日,11획,준3급,3ii,만
萬,일만 만,艸,13획,8급,8__,만
慢,거만할 만,心,14획,3급,3__,만
漫,흩어질 만,水,14획,3급,3__,만
滿,찰 만,水,14획,준4급,4ii,만
末,끝 말,木,5획,5급,5__,말
茫,아득할 망,艸,10획,3급,3__,망
望,바랄 망,月,11획,준5급,5ii,망
亡,망할 망,亠,3획,5급,5__,망
忙,바쁠 망,心,6획,3급,3__,망
妄,망령될 망,女,6획,준3급,3ii,망
忘,잊을 망,心,7획,3급,3__,망
罔,없을 망,网,8획,3급,3__,망
埋,묻을 매,土,10획,3급,3__,매
梅,매화 매,木,11획,준3급,3ii,매
買,살 매,貝,12획,5급,5__,매
媒,중매 매,女,12획,준3급,3ii,매
賣,팔 매,貝,15획,5급,5__,매
每,매양 매,毋,7획,준7급,7ii,매
妹,누이 매,女,8획,4급,4__,매
脈,줄기 맥,肉,10획,준4급,4ii,맥
麥,보리 맥,麥,11획,준3급,3ii,맥
猛,사나울 맹,犬,11획,준3급,3ii,맹
盟,맹세 맹,皿,13획,준3급,3ii,맹
孟,맏 맹,子,8획,준3급,3ii,맹
盲,소경/눈멀 맹,目,8획,준3급,3ii,맹
眠,잘 면,目,10획,준3급,3ii,면
綿,솜 면,糸,14획,준3급,3ii,면
免,면할 면,儿,7획,준3급,3ii,면
面,낯 면,面,9획,7급,7__,면
勉,힘쓸 면,力,9획,4급,4__,면
滅,꺼질/멸할 멸,水,13획,준3급,3ii,멸
冥,어두울 명,冖,10획,3급,3__,명
銘,새길 명,金,14획,준3급,3ii,명
鳴,울 명,鳥,14획,4급,4__,명
名,이름 명,口,6획,준7급,7ii,명
命,목숨 명,口,8획,7급,7__,명
明,밝을 명,日,8획,준6급,6ii,명
募,모을/뽑을 모,力,13획,3급,3__,모
貌,모양 모,豸,14획,준3급,3ii,모
暮,저물 모,日,15획,3급,3__,모
慕,그릴 모,心,15획,준3급,3ii,모
模,본뜰 모,木,15획,4급,4__,모
謀,꾀 모,言,16획,준3급,3ii,모
毛,털 모,毛,4획,준4급,4ii,모
母,어미 모,毋,5획,8급,8__,모
某,아무 모,木,9획,3급,3__,모
冒,무릅쓸 모,冂,9획,3급,3__,모
侮,업신여길 모,人,9획,3급,3__,모
睦,화목할 목,目,13획,준3급,3ii,목
木,나무 목,木,4획,8급,8__,목
目,눈 목,目,5획,6급,6__,목
牧,칠 목,牛,8획,준4급,4ii,목
沒,빠질 몰,水,7획,준3급,3ii,몰
蒙,어두울 몽,艸,14획,준3급,3ii,몽
夢,꿈 몽,夕,14획,준3급,3ii,몽
墓,무덤 묘,土,14획,4급,4__,묘
廟,사당 묘,广,15획,3급,3__,묘
卯,토끼 묘,卩,5획,3급,3__,묘
妙,묘할 묘,女,7획,4급,4__,묘
苗,모 묘,艸,9획,3급,3__,묘
務,힘쓸 무,力,11획,준4급,4ii,무
無,없을 무,火,12획,5급,5__,무
貿,무역할 무,貝,12획,준3급,3ii,무
舞,춤출 무,舛,14획,4급,4__,무
霧,안개 무,雨,19획,3급,3__,무
戊,천간 무,戈,5획,3급,3__,무
武,호반 무,止,8획,준4급,4ii,무
茂,무성할 무,艸,9획,준3급,3ii,무
墨,먹 묵,土,15획,준3급,3ii,묵
默,잠잠할 묵,黑,16획,준3급,3ii,묵
紋,무늬 문,糸,10획,준3급,3ii,문
問,물을 문,口,11획,7급,7__,문
聞,들을 문,耳,14획,준6급,6ii,문
文,글월 문,文,4획,7급,7__,문
門,문 문,門,8획,8급,8__,문
勿,말 물,勹,4획,준3급,3ii,물
物,물건 물,牛,8획,준7급,7ii,물
迷,미혹할 미,辵,10획,3급,3__,미
微,작을 미,彳,13획,준3급,3ii,미
未,아닐 미,木,5획,준4급,4ii,미
米,쌀 미,米,6획,6급,6__,미
尾,꼬리 미,尸,7획,준3급,3ii,미
味,맛 미,口,8획,준4급,4ii,미
美,아름다울 미,羊,9획,6급,6__,미
眉,눈썹 미,目,9획,3급,3__,미
敏,민첩할 민,攴,11획,3급,3__,민
憫,민망할 민,心,15획,3급,3__,민
民,백성 민,氏,5획,8급,8__,민
密,빽빽할 밀,宀,11획,준4급,4ii,밀
蜜,꿀 밀,虫,14획,3급,3__,밀
博,넓을 박,十,12획,준4급,4ii,박
薄,엷을 박,艸,17획,준3급,3ii,박
朴,성 박,木,6획,6급,6__,박
泊,머무를/배댈 박,水,8획,3급,3__,박
拍,칠 박,手,8획,4급,4__,박
迫,핍박할 박,辵,9획,준3급,3ii,박
班,나눌 반,玉,10획,준6급,6ii,반
般,가지/일반 반,舟,10획,준3급,3ii,반
飯,밥 반,食,13획,준3급,3ii,반
盤,소반 반,皿,15획,준3급,3ii,반
反,돌이킬/돌아올 반,又,4획,준6급,6ii,반
半,반 반,十,5획,준6급,6ii,반
伴,짝 반,人,7획,3급,3__,반
返,돌이킬 반,辵,8획,3급,3__,반
叛,배반할 반,又,9획,3급,3__,반
發,필 발,癶,12획,준6급,6ii,발
髮,머리카락 발,髟,15획,4급,4__,발
拔,뽑을 발,手,8획,준3급,3ii,발
倣,본뜰 방,人,10획,3급,3__,방
訪,찾을 방,言,11획,준4급,4ii,방
傍,곁 방,人,12획,3급,3__,방
方,모 방,方,4획,준7급,7ii,방
邦,나라 방,邑,7획,3급,3__,방
妨,방해할 방,女,7획,4급,4__,방
防,막을 방,阜,7획,준4급,4ii,방
放,놓을 방,攴,8획,준6급,6ii,방
芳,꽃다울 방,艸,8획,준3급,3ii,방
房,방 방,戶,8획,준4급,4ii,방
倍,곱 배,人,10획,5급,5__,배
配,나눌/짝 배,酉,10획,준4급,4ii,배
培,북돋울 배,土,11획,준3급,3ii,배
排,밀칠 배,手,11획,준3급,3ii,배
輩,무리 배,車,15획,준3급,3ii,배
杯,잔 배,木,8획,3급,3__,배
拜,절 배,手,9획,준4급,4ii,배
背,등 배,肉,9획,준4급,4ii,배
白,흰 백,白,5획,8급,8__,백
百,일백 백,白,6획,7급,7__,백
伯,맏 백,人,7획,준3급,3ii,백
番,차례 번,田,12획,6급,6__,번
煩,번거로울 번,火,13획,3급,3__,번
繁,번성할 번,糸,17획,준3급,3ii,번
飜,번역할 번,飛,21획,3급,3__,번
罰,벌할 벌,网,14획,준4급,4ii,벌
伐,칠 벌,人,6획,준4급,4ii,벌
範,법 범,竹,15획,4급,4__,범
凡,무릇 범,几,3획,준3급,3ii,범
犯,범할 범,犬,5획,4급,4__,범
法,법 법,水,8획,준5급,5ii,법
碧,푸를 벽,石,14획,준3급,3ii,벽
壁,벽 벽,土,16획,준4급,4ii,벽
辨,분별할 변,辛,16획,3급,3__,변
邊,가 변,辵,19획,준4급,4ii,변
辯,말씀 변,辛,21획,4급,4__,변
變,변할 변,言,23획,준5급,5ii,변
別,다를/나눌 별,刀,7획,6급,6__,별
病,병 병,疒,10획,6급,6__,병
竝,나란히 병,立,10획,3급,3__,병
屛,병풍 병,尸,11획,3급,3__,병
丙,남녘 병,一,5획,준3급,3ii,병
兵,병사 병,八,7획,준5급,5ii,병
補,기울 보,衣,12획,준3급,3ii,보
普,넓을 보,日,12획,4급,4__,보
報,갚을/알릴 보,土,12획,준4급,4ii,보
譜,족보 보,言,19획,준3급,3ii,보
寶,보배 보,宀,20획,준4급,4ii,보
步,걸음 보,止,7획,준4급,4ii,보
保,지킬 보,人,9획,준4급,4ii,보
復,회복할 복|다시 부,彳,12획,준4급,4ii,복
腹,배 복,肉,13획,준3급,3ii,복
福,복 복,示,14획,준5급,5ii,복
複,겹칠 복,衣,14획,4급,4__,복
卜,점 복,卜,2획,3급,3__,복
伏,엎드릴 복,人,6획,4급,4__,복
服,옷 복,月,8획,6급,6__,복
本,근본 본,木,5획,6급,6__,본
峯,봉우리 봉,山,10획,준3급,3ii,봉
逢,만날 봉,辵,11획,준3급,3ii,봉
蜂,벌 봉,虫,13획,3급,3__,봉
鳳,봉새 봉,鳥,14획,준3급,3ii,봉
奉,받들 봉,大,8획,준5급,5ii,봉
封,봉할 봉,寸,9획,준3급,3ii,봉
浮,뜰 부,水,10획,준3급,3ii,부
部,떼 부,邑,11획,준6급,6ii,부
符,부호 부,竹,11획,준3급,3ii,부
副,버금 부,刀,11획,준4급,4ii,부
婦,며느리 부,女,11획,준4급,4ii,부
富,부자 부,宀,12획,준4급,4ii,부
腐,썩을 부,肉,14획,준3급,3ii,부
賦,부세 부,貝,15획,준3급,3ii,부
覆,덮을 부|다시 복,襾,18획,준3급,3ii,부
簿,문서 부,竹,19획,준3급,3ii,부
父,아비 부,父,4획,8급,8__,부
夫,지아비 부,大,4획,7급,7__,부
付,부칠 부,人,5획,준3급,3ii,부
扶,도울 부,手,7획,준3급,3ii,부
否,아닐 부,口,7획,4급,4__,부
附,붙을 부,阜,8획,준3급,3ii,부
府,마을 부,广,8획,준4급,4ii,부
赴,다다를/갈 부,走,9획,3급,3__,부
負,질 부,貝,9획,4급,4__,부
北,북녘 북|달아날 배,匕,5획,8급,8__,북
紛,어지러울 분,糸,10획,준3급,3ii,분
粉,가루 분,米,10획,4급,4__,분
墳,무덤 분,土,15획,3급,3__,분
憤,분할 분,心,15획,4급,4__,분
奮,떨칠 분,大,16획,준3급,3ii,분
分,나눌 분,刀,4획,준6급,6ii,분
奔,달릴 분,大,8획,준3급,3ii,분
不,아닐 불|아닐 부,一,4획,준7급,7ii,불
佛,부처 불,人,7획,준4급,4ii,불
拂,떨칠 불,手,8획,준3급,3ii,불
崩,무너질 붕,山,11획,3급,3__,붕
朋,벗 붕,月,8획,3급,3__,붕
祕,숨길 비,示,10획,4급,4__,비
婢,계집종 비,女,11획,준3급,3ii,비
費,쓸 비,貝,12획,5급,5__,비
備,갖출 비,人,12획,준4급,4ii,비
悲,슬플 비,心,12획,준4급,4ii,비
碑,돌기둥 비,石,13획,4급,4__,비
鼻,코 비,鼻,14획,5급,5__,비
比,견줄 비,比,4획,5급,5__,비
妃,왕비 비,女,6획,준3급,3ii,비
批,비평할 비,手,7획,4급,4__,비
肥,살찔 비,肉,8획,준3급,3ii,비
卑,낮을 비,十,8획,준3급,3ii,비
非,아닐 비,非,8획,준4급,4ii,비
飛,날 비,飛,9획,준4급,4ii,비
貧,가난할 빈,貝,11획,준4급,4ii,빈
賓,손 빈,貝,14획,3급,3__,빈
頻,자주 빈,頁,16획,3급,3__,빈
聘,부를 빙,耳,13획,3급,3__,빙
氷,얼음 빙,水,5획,5급,5__,빙
射,쏠 사,寸,10획,4급,4__,사
師,스승 사,巾,10획,준4급,4ii,사
捨,버릴 사,手,11획,3급,3__,사
蛇,뱀 사 긴뱀 사,虫,11획,준3급,3ii,사
斜,비낄 사,斗,11획,준3급,3ii,사
斯,이 사,斤,12획,3급,3__,사
詐,속일 사,言,12획,3급,3__,사
詞,말/글 사,言,12획,준3급,3ii,사
絲,실 사,糸,12획,4급,4__,사
寫,베낄 사,宀,15획,5급,5__,사
賜,줄 사,貝,15획,3급,3__,사
謝,사례할 사,言,17획,준4급,4ii,사
辭,말씀 사,辛,19획,4급,4__,사
士,선비 사,士,3획,준5급,5ii,사
巳,뱀 사,己,3획,3급,3__,사
四,넉 사,囗,5획,8급,8__,사
史,사기 사,口,5획,준5급,5ii,사
仕,섬길 사,人,5획,준5급,5ii,사
司,맡을 사,口,5획,준3급,3ii,사
死,죽을 사,歹,6획,6급,6__,사
寺,절 사,寸,6획,준4급,4ii,사
似,닮을 사,人,7획,3급,3__,사
邪,간사할 사,邑,7획,준3급,3ii,사
沙,모래 사,水,7획,준3급,3ii,사
私,사사로울 사,禾,7획,4급,4__,사
事,일 사,亅,8획,준7급,7ii,사
社,모일 사,示,8획,준6급,6ii,사
使,하여금/부릴 사,人,8획,6급,6__,사
祀,제사 사,示,8획,준3급,3ii,사
舍,집 사,舌,8획,준4급,4ii,사
思,생각 사,心,9획,5급,5__,사
査,조사할 사,木,9획,5급,5__,사
朔,초하루 삭,月,10획,3급,3__,삭
削,깎을 삭,刀,9획,준3급,3ii,삭
産,낳을 산,生,11획,준5급,5ii,산
散,흩을 산,攴,12획,4급,4__,산
算,셈 산,竹,14획,7급,7__,산
山,메 산,山,3획,8급,8__,산
殺,죽일 살,殳,11획,준4급,4ii,살
森,수풀 삼,木,12획,준3급,3ii,삼
三,석 삼,一,3획,8급,8__,삼
桑,뽕나무 상,木,10획,준3급,3ii,상
商,장사 상,口,11획,준5급,5ii,상
祥,상서 상,示,11획,3급,3__,상
常,떳떳할 상,巾,11획,준4급,4ii,상
喪,잃을 상,口,12획,준3급,3ii,상
象,코끼리 상,豕,12획,4급,4__,상
詳,자세할 상,言,13획,준3급,3ii,상
傷,다칠 상,人,13획,4급,4__,상
想,생각 상,心,13획,준4급,4ii,상
嘗,맛볼 상,口,14획,3급,3__,상
裳,치마 상,衣,14획,준3급,3ii,상
像,모양 상,人,14획,준3급,3ii,상
賞,상줄 상,貝,15획,5급,5__,상
霜,서리 상,雨,17획,준3급,3ii,상
償,갚을 상,人,17획,준3급,3ii,상
上,윗 상,一,3획,준7급,7ii,상
床,상 상,广,7획,준4급,4ii,상
尙,오히려 상,小,8획,준3급,3ii,상
狀,형상 상|문서 장,犬,8획,준4급,4ii,상
相,서로 상,目,9획,준5급,5ii,상
索,찾을 색|노 삭,糸,10획,준3급,3ii,색
塞,막힐 색|변방 새,土,13획,준3급,3ii,색
色,빛 색,色,6획,7급,7__,색
生,날 생,生,5획,8급,8__,생
書,글 서,曰,10획,준6급,6ii,서
恕,용서할 서,心,10획,준3급,3ii,서
徐,천천할 서,彳,10획,준3급,3ii,서
敍,펼 서,攴,11획,3급,3__,서
逝,갈 서,辵,11획,3급,3__,서
庶,여러 서,广,11획,3급,3__,서
暑,더울 서,日,13획,3급,3__,서
誓,맹세할 서,言,14획,3급,3__,서
署,마을 서,网,14획,준3급,3ii,서
緖,실마리 서,糸,15획,준3급,3ii,서
西,서녘 서,襾,6획,8급,8__,서
序,차례 서,广,7획,5급,5__,서
席,자리 석,巾,10획,6급,6__,석
惜,아낄 석,心,11획,준3급,3ii,석
釋,풀 석,釆,20획,준3급,3ii,석
夕,저녁 석,夕,3획,7급,7__,석
石,돌 석,石,5획,6급,6__,석
昔,예 석,日,8획,3급,3__,석
析,쪼갤 석,木,8획,3급,3__,석
船,배 선,舟,11획,5급,5__,선
旋,돌 선,方,11획,준3급,3ii,선
善,착할 선,口,12획,5급,5__,선
單,홑 단오랑캐 이름 선,口,12획,준4급,4ii,선
線,줄 선,糸,15획,준6급,6ii,선
選,가릴 선,辵,16획,5급,5__,선
鮮,고울 선,魚,17획,준5급,5ii,선
禪,선 선,示,17획,준3급,3ii,선
仙,신선 선,人,5획,준5급,5ii,선
先,먼저 선,儿,6획,8급,8__,선
宣,베풀 선,宀,9획,4급,4__,선
雪,눈 설,雨,11획,준6급,6ii,설
設,베풀 설,言,11획,준4급,4ii,설
說,말씀 설|달랠 세,言,14획,준5급,5ii,설
舌,혀 설,舌,6획,4급,4__,설
涉,건널 섭,水,10획,3급,3__,섭
攝,다스릴/잡을 섭,手,21획,3급,3__,섭
城,재 성,土,10획,준4급,4ii,성
盛,성할 성,皿,12획,준4급,4ii,성
聖,성인 성,耳,13획,준4급,4ii,성
誠,정성 성,言,14획,준4급,4ii,성
聲,소리 성,耳,17획,준4급,4ii,성
成,이룰 성,戈,7획,준6급,6ii,성
姓,성 성,女,8획,준7급,7ii,성
性,성품 성,心,8획,준5급,5ii,성
省,살필 성|덜 생,目,9획,준6급,6ii,성
星,별 성,日,9획,준4급,4ii,성
細,가늘 세,糸,11획,준4급,4ii,세
稅,세금 세,禾,12획,준4급,4ii,세
歲,해 세,止,13획,준5급,5ii,세
勢,형세 세,力,13획,준4급,4ii,세
世,인간 세,一,5획,준7급,7ii,세
洗,씻을 세,水,9획,준5급,5ii,세
消,사라질 소,水,10획,준6급,6ii,소
笑,웃음 소,竹,10획,준4급,4ii,소
素,본디/흴 소,糸,10획,준4급,4ii,소
掃,쓸 소,手,11획,준4급,4ii,소
訴,호소할 소,言,12획,준3급,3ii,소
疏,소통할 소,疋,12획,준3급,3ii,소
蔬,나물 소,艸,16획,3급,3__,소
燒,사를 소,火,16획,준3급,3ii,소
騷,떠들 소,馬,20획,3급,3__,소
蘇,되살아날 소,艸,20획,준3급,3ii,소
小,작을 소,小,3획,8급,8__,소
少,적을 소,小,4획,7급,7__,소
召,부를 소,口,5획,3급,3__,소
所,바 소,戶,8획,7급,7__,소
昭,밝을 소,日,9획,3급,3__,소
速,빠를 속,辵,11획,6급,6__,속
粟,조 속,米,12획,3급,3__,속
屬,붙일 속,尸,21획,4급,4__,속
續,이을 속,糸,21획,준4급,4ii,속
束,묶을 속,木,7획,준5급,5ii,속
俗,풍속 속,人,9획,준4급,4ii,속
孫,손자 손,子,10획,6급,6__,손
損,덜 손,手,13획,4급,4__,손
送,보낼 송,辵,10획,준4급,4ii,송
訟,송사할 송,言,11획,준3급,3ii,송
頌,기릴/칭송할 송,頁,13획,4급,4__,송
誦,욀 송,言,14획,3급,3__,송
松,소나무 송,木,8획,4급,4__,송
鎖,쇠사슬 쇄,金,18획,준3급,3ii,쇄
刷,인쇄할 쇄,刀,8획,준3급,3ii,쇄
衰,쇠할 쇠,衣,10획,준3급,3ii,쇠
殊,다를 수,歹,10획,준3급,3ii,수
修,닦을 수,人,10획,준4급,4ii,수
授,줄 수,手,11획,준4급,4ii,수
須,모름지기 수,頁,12획,3급,3__,수
搜,찾을 수,手,12획,3급,3__,수
睡,졸음 수,目,13획,3급,3__,수
遂,드디어 수,辵,13획,3급,3__,수
愁,근심 수,心,13획,준3급,3ii,수
壽,목숨 수,士,14획,준3급,3ii,수
需,쓰일/쓸 수|구할 수,雨,14획,준3급,3ii,수
數,셈 수,攴,15획,7급,7__,수
誰,누구 수,言,15획,3급,3__,수
樹,나무 수,木,16획,6급,6__,수
輸,보낼 수,車,16획,준3급,3ii,수
隨,따를 수,阜,16획,준3급,3ii,수
雖,비록 수,隹,17획,3급,3__,수
獸,짐승 수,犬,19획,준3급,3ii,수
水,물 수,水,4획,8급,8__,수
手,손 수,手,4획,준7급,7ii,수
囚,가둘 수,囗,5획,3급,3__,수
守,지킬 수,宀,6획,준4급,4ii,수
收,거둘 수,攴,6획,준4급,4ii,수
秀,빼어날 수,禾,7획,4급,4__,수
垂,드리울 수,土,8획,준3급,3ii,수
受,받을 수,又,8획,준4급,4ii,수
首,머리 수,首,9획,준5급,5ii,수
帥,장수 수,巾,9획,준3급,3ii,수
宿,잘 숙|별자리 수,宀,11획,준5급,5ii,숙
孰,누구 숙,子,11획,3급,3__,숙
淑,맑을 숙,水,11획,준3급,3ii,숙
肅,엄숙할 숙,聿,13획,4급,4__,숙
熟,익을 숙,火,15획,준3급,3ii,숙
叔,아재비 숙,又,8획,4급,4__,숙
殉,따라죽을 순,歹,10획,3급,3__,순
純,순수할 순,糸,10획,준4급,4ii,순
脣,입술 순,肉,11획,3급,3__,순
順,순할 순,頁,12획,준5급,5ii,순
循,돌 순,彳,12획,3급,3__,순
瞬,눈깜짝일 순,目,17획,준3급,3ii,순
旬,열흘 순,日,6획,준3급,3ii,순
巡,돌/순행할 순,巛,7획,준3급,3ii,순
術,재주 술,行,11획,준6급,6ii,술
戌,개 술,戈,6획,3급,3__,술
述,펼 술,辵,9획,준3급,3ii,술
崇,높을 숭,山,11획,4급,4__,숭
習,익힐 습,羽,11획,6급,6__,습
濕,젖을 습,水,17획,준3급,3ii,습
襲,엄습할 습,衣,22획,준3급,3ii,습
拾,주울 습|열 십,手,9획,준3급,3ii,습
乘,탈 승,丿,10획,준3급,3ii,승
勝,이길 승,力,12획,6급,6__,승
僧,중 승,人,14획,준3급,3ii,승
昇,오를 승,日,8획,준3급,3ii,승
承,이을 승,手,8획,준4급,4ii,승
時,때 시,日,10획,준7급,7ii,시
視,볼 시,見,12획,준4급,4ii,시
詩,시 시,言,13획,준4급,4ii,시
試,시험 시,言,13획,준4급,4ii,시
市,저자 시,巾,5획,준7급,7ii,시
示,보일 시,示,5획,5급,5__,시
矢,화살 시,矢,5획,3급,3__,시
始,비로소 시,女,8획,준6급,6ii,시
侍,모실 시,人,8획,준3급,3ii,시
施,베풀 시,方,9획,준4급,4ii,시
是,이/옳을 시,日,9획,준4급,4ii,시
息,쉴 식,心,10획,준4급,4ii,식
植,심을 식,木,12획,7급,7__,식
飾,꾸밀 식,食,14획,준3급,3ii,식
識,알 식,言,19획,준5급,5ii,식
式,법 식,弋,6획,6급,6__,식
食,밥/먹을 식,食,9획,준7급,7ii,식
神,귀신 신,示,10획,준6급,6ii,신
晨,새벽 신,日,11획,3급,3__,신
新,새로울 신,斤,13획,준6급,6ii,신
愼,삼갈 신,心,13획,준3급,3ii,신
申,납 신,田,5획,준4급,4ii,신
臣,신하 신,臣,6획,준5급,5ii,신
身,몸 신,身,7획,준6급,6ii,신
辛,매울 신,辛,7획,3급,3__,신
伸,펼 신,人,7획,3급,3__,신
信,믿을 신,人,9획,준6급,6ii,신
實,열매 실,宀,14획,준5급,5ii,실
失,잃을 실,大,5획,6급,6__,실
室,집 실,宀,9획,8급,8__,실
深,깊을 심,水,11획,준4급,4ii,심
尋,찾을 심,寸,12획,3급,3__,심
審,살필 심,宀,15획,준3급,3ii,심
心,마음 심,心,4획,7급,7__,심
甚,심할 심,甘,9획,준3급,3ii,심
十,열 십,十,2획,8급,8__,십
雙,두/쌍 쌍,隹,18획,준3급,3ii,쌍
氏,각시/성씨 씨,氏,4획,4급,4__,씨
雅,맑을 아,隹,12획,준3급,3ii,아
餓,주릴 아,食,16획,3급,3__,아
牙,어금니 아,牙,4획,준3급,3ii,아
我,나 아,戈,7획,준3급,3ii,아
兒,아이 아,儿,8획,준5급,5ii,아
阿,언덕 아,阜,8획,준3급,3ii,아
亞,버금 아,二,8획,준3급,3ii,아
芽,싹 아,艸,8획,준3급,3ii,아
惡,악할 악|미워할 오,心,12획,준5급,5ii,악
岳,큰산 악,山,8획,3급,3__,악
案,책상 안,木,10획,5급,5__,안
眼,눈 안,目,11획,준4급,4ii,안
雁,기러기 안,隹,12획,3급,3__,안
顔,낯 안,頁,18획,준3급,3ii,안
安,편안 안,宀,6획,준7급,7ii,안
岸,언덕 안,山,8획,준3급,3ii,안
謁,뵐 알,言,16획,3급,3__,알
暗,어두울 암,日,13획,준4급,4ii,암
巖,바위 암,山,23획,준3급,3ii,암
壓,누를 압,土,17획,준4급,4ii,압
押,누를 압,手,8획,3급,3__,압
央,가운데 앙,大,5획,준3급,3ii,앙
仰,우러를 앙,人,6획,준3급,3ii,앙
殃,재앙 앙,歹,9획,3급,3__,앙
涯,물가 애,水,11획,3급,3__,애
愛,사랑 애,心,13획,6급,6__,애
哀,슬플 애,口,9획,준3급,3ii,애
液,진 액,水,11획,준4급,4ii,액
額,이마 액,頁,18획,4급,4__,액
厄,액 액,厂,4획,3급,3__,액
野,들 야,里,11획,6급,6__,야
也,이끼/어조사 야,乙,3획,3급,3__,야
夜,밤 야,夕,8획,6급,6__,야
耶,어조사 야,耳,9획,3급,3__,야
弱,약할 약,弓,10획,준6급,6ii,약
藥,약 약,艸,19획,준6급,6ii,약
躍,뛸 약,足,21획,3급,3__,약
約,맺을 약,糸,9획,준5급,5ii,약
若,같을 약|반야 야,艸,9획,준3급,3ii,약
陽,볕 양,阜,12획,6급,6__,양
揚,날릴 양,手,12획,준3급,3ii,양
楊,버들 양,木,13획,3급,3__,양
養,기를 양,食,15획,준5급,5ii,양
樣,모양 양,木,15획,4급,4__,양
壤,흙덩이 양,土,20획,준3급,3ii,양
讓,사양할 양,言,24획,준3급,3ii,양
羊,양 양,羊,6획,준4급,4ii,양
洋,큰바다 양,水,9획,6급,6__,양
魚,고기/물고기 어,魚,11획,5급,5__,어
御,거느릴 어,彳,12획,준3급,3ii,어
語,말씀 어,言,14획,7급,7__,어
漁,고기잡을 어,水,14획,5급,5__,어
於,어조사 어|탄식할 오,方,8획,3급,3__,어
億,억 억,人,15획,5급,5__,억
憶,생각할 억,心,16획,준3급,3ii,억
抑,누를 억,手,7획,준3급,3ii,억
焉,어찌 언,火,11획,3급,3__,언
言,말씀 언,言,7획,6급,6__,언
嚴,엄할 엄,口,20획,4급,4__,엄
業,업 업,木,13획,준6급,6ii,업
與,더불/줄 여,臼,14획,4급,4__,여
餘,남을 여,食,16획,준4급,4ii,여
輿,수레 여,車,17획,3급,3__,여
予,나/줄 여|미리 예,亅,4획,3급,3__,여
汝,너 여,水,6획,3급,3__,여
如,같을 여,女,6획,준4급,4ii,여
余,나 여,人,7획,3급,3__,여
逆,거스릴 역,辵,10획,준4급,4ii,역
域,지경 역,土,11획,4급,4__,역
譯,번역할 역,言,20획,준3급,3ii,역
驛,역 역,馬,23획,준3급,3ii,역
亦,또 역,亠,6획,준3급,3ii,역
役,부릴 역,彳,7획,준3급,3ii,역
易,바꿀 역|쉬울 이,日,8획,4급,4__,역
疫,전염병 역,疒,9획,준3급,3ii,역
宴,잔치 연,宀,10획,준3급,3ii,연
軟,연할 연,車,11획,준3급,3ii,연
硏,갈 연,石,11획,준4급,4ii,연
然,그럴 연,火,12획,7급,7__,연
鉛,납 연,金,13획,4급,4__,연
煙,연기 연,火,13획,준4급,4ii,연
演,펼 연,水,14획,준4급,4ii,연
緣,인연 연,糸,15획,4급,4__,연
燕,제비 연,火,16획,준3급,3ii,연
燃,탈 연,火,16획,4급,4__,연
延,늘일 연,廴,7획,4급,4__,연
沿,물따라갈/따를 연,水,8획,준3급,3ii,연
悅,기쁠 열,心,10획,준3급,3ii,열
熱,더울 열,火,15획,5급,5__,열
閱,볼 열,門,15획,3급,3__,열
鹽,소금 염,鹵,24획,준3급,3ii,염
炎,불꽃 염,火,8획,준3급,3ii,염
染,물들 염,木,9획,준3급,3ii,염
葉,잎 엽,艸,13획,5급,5__,엽
詠,읊을 영,言,12획,3급,3__,영
榮,영화 영,木,14획,준4급,4ii,영
影,그림자 영,彡,15획,준3급,3ii,영
營,경영할 영,火,17획,4급,4__,영
永,길 영,水,5획,6급,6__,영
泳,헤엄칠 영,水,8획,3급,3__,영
迎,맞을 영,辵,8획,4급,4__,영
英,꽃부리 영,艸,9획,6급,6__,영
映,비칠 영,日,9획,4급,4__,영
銳,날카로울 예,金,15획,3급,3__,예
豫,미리 예,豕,16획,4급,4__,예
藝,재주 예,艸,19획,준4급,4ii,예
譽,기릴/명예 예,言,21획,준3급,3ii,예
娛,즐길 오,女,10획,3급,3__,오
烏,까마귀 오,火,10획,준3급,3ii,오
悟,깨달을 오,心,10획,준3급,3ii,오
嗚,슬플 오,口,13획,3급,3__,오
傲,거만할 오,人,13획,3급,3__,오
誤,그르칠 오,言,14획,준4급,4ii,오
五,다섯 오,二,4획,8급,8__,오
午,낮 오,十,4획,준7급,7ii,오
汚,더러울 오,水,6획,3급,3__,오
吾,나 오,口,7획,3급,3__,오
獄,옥 옥,犬,14획,준3급,3ii,옥
玉,구슬 옥,玉,5획,준4급,4ii,옥
屋,집 옥,尸,9획,5급,5__,옥
溫,따뜻할/뜨거울 온,水,13획,6급,6__,온
翁,늙은이 옹,羽,10획,3급,3__,옹
擁,낄 옹,手,16획,3급,3__,옹
瓦,기와 와,瓦,5획,준3급,3ii,와
臥,누울 와,臣,8획,3급,3__,와
緩,느릴 완,糸,15획,준3급,3ii,완
完,완전할 완,宀,7획,5급,5__,완
曰,가로 왈,曰,4획,3급,3__,왈
王,임금 왕,玉,4획,8급,8__,왕
往,갈 왕,彳,8획,준4급,4ii,왕
外,바깥 외,夕,5획,8급,8__,외
畏,두려워할 외,田,9획,3급,3__,외
腰,허리 요,肉,13획,3급,3__,요
搖,흔들 요,手,13획,3급,3__,요
遙,멀 요,辵,14획,3급,3__,요
謠,노래 요,言,17획,준4급,4ii,요
曜,빛날 요,日,18획,5급,5__,요
要,요긴할 요,襾,9획,준5급,5ii,요
浴,목욕할 욕,水,10획,5급,5__,욕
辱,욕될 욕,辰,10획,준3급,3ii,욕
欲,하고자할 욕,欠,11획,준3급,3ii,욕
慾,욕심 욕,心,15획,준3급,3ii,욕
容,얼굴 용,宀,10획,준4급,4ii,용
庸,떳떳할 용,广,11획,3급,3__,용
用,쓸 용,用,5획,준6급,6ii,용
勇,날랠 용,力,9획,준6급,6ii,용
偶,짝 우,人,11획,준3급,3ii,우
郵,우편 우,邑,11획,4급,4__,우
愚,어리석을 우,心,13획,준3급,3ii,우
遇,만날 우,辵,13획,4급,4__,우
憂,근심 우,心,15획,준3급,3ii,우
優,넉넉할 우,人,17획,4급,4__,우
又,또 우,又,2획,3급,3__,우
于,어조사 우,二,3획,3급,3__,우
友,벗 우,又,4획,준5급,5ii,우
牛,소 우,牛,4획,5급,5__,우
尤,더욱 우,尢,4획,3급,3__,우
右,오를/오른(쪽) 우,口,5획,준7급,7ii,우
宇,집 우,宀,6획,준3급,3ii,우
羽,깃 우,羽,6획,준3급,3ii,우
雨,비 우,雨,8획,준5급,5ii,우
雲,구름 운,雨,12획,준5급,5ii,운
運,옮길 운,辵,13획,준6급,6ii,운
韻,운 운,音,19획,준3급,3ii,운
云,이를 운,二,4획,3급,3__,운
雄,수컷 웅,隹,12획,5급,5__,웅
原,언덕 원,厂,10획,5급,5__,원
院,집 원,阜,10획,5급,5__,원
員,인원 원,口,10획,준4급,4ii,원
援,도울 원,手,12획,4급,4__,원
園,동산 원,囗,13획,6급,6__,원
源,근원 원,水,13획,4급,4__,원
圓,둥글 원,囗,13획,준4급,4ii,원
遠,멀 원,辵,14획,6급,6__,원
願,원할 원,頁,19획,5급,5__,원
元,으뜸 원,儿,4획,준5급,5ii,원
怨,원망할 원,心,9획,4급,4__,원
越,넘을 월,走,12획,준3급,3ii,월
月,달 월,月,4획,8급,8__,월
偉,클 위,人,11획,준5급,5ii,위
圍,에워쌀 위,囗,12획,4급,4__,위
爲,하/할 위,爪,12획,준4급,4ii,위
違,어긋날 위,辵,13획,3급,3__,위
僞,거짓 위,人,14획,준3급,3ii,위
緯,씨 위,糸,15획,3급,3__,위
慰,위로할 위,心,15획,4급,4__,위
衛,지킬 위,行,15획,준4급,4ii,위
謂,이를 위,言,16획,준3급,3ii,위
危,위태할 위,卩,6획,4급,4__,위
位,자리 위,人,7획,5급,5__,위
委,맡길 위,女,8획,4급,4__,위
胃,밥통 위,肉,9획,준3급,3ii,위
威,위엄 위,女,9획,4급,4__,위
唯,오직 유,口,11획,3급,3__,유
惟,생각할 유,心,11획,3급,3__,유
悠,멀 유,心,11획,준3급,3ii,유
猶,오히려 유,犬,12획,준3급,3ii,유
裕,넉넉할 유,衣,12획,준3급,3ii,유
愈,나을 유,心,13획,3급,3__,유
遊,놀 유,辵,13획,4급,4__,유
維,벼리 유,糸,14획,준3급,3ii,유
誘,꾈 유,言,14획,준3급,3ii,유
儒,선비 유,人,16획,4급,4__,유
遺,남길 유,辵,16획,4급,4__,유
由,말미암을 유,田,5획,6급,6__,유
幼,어릴 유,幺,5획,준3급,3ii,유
有,있을 유,月,6획,7급,7__,유
酉,닭 유,酉,7획,3급,3__,유
油,기름 유,水,8획,6급,6__,유
乳,젖 유,乙,8획,4급,4__,유
幽,그윽할 유,幺,9획,준3급,3ii,유
柔,부드러울 유,木,9획,준3급,3ii,유
肉,고기 육,肉,6획,준4급,4ii,육
育,기를 육,肉,8획,7급,7__,육
閏,윤달 윤,門,12획,3급,3__,윤
潤,불을 윤,水,15획,준3급,3ii,윤
恩,은혜 은,心,10획,준4급,4ii,은
銀,은 은,金,14획,6급,6__,은
隱,숨을 은,阜,17획,4급,4__,은
乙,둘째 천간 을,乙,1획,준3급,3ii,을
淫,음란할 음,水,11획,준3급,3ii,음
陰,그늘 음,阜,11획,준4급,4ii,음
飮,마실 음,食,13획,준6급,6ii,음
吟,읊을 음,口,7획,3급,3__,음
音,소리 음,音,9획,준6급,6ii,음
邑,고을 읍,邑,7획,7급,7__,읍
泣,울 읍,水,8획,3급,3__,읍
凝,엉길 응,冫,16획,3급,3__,응
應,응할 응,心,17획,준4급,4ii,응
意,뜻 의,心,13획,준6급,6ii,의
義,옳을 의,羊,13획,준4급,4ii,의
疑,의심할 의,疋,14획,4급,4__,의
儀,거동 의,人,15획,4급,4__,의
醫,의원 의,酉,18획,6급,6__,의
議,의논할 의,言,20획,준4급,4ii,의
衣,옷 의,衣,6획,6급,6__,의
矣,어조사 의,矢,7획,3급,3__,의
宜,마땅 의,宀,8획,3급,3__,의
依,의지할 의,人,8획,4급,4__,의
異,다를 이,田,11획,4급,4__,이
移,옮길 이,禾,11획,준4급,4ii,이
二,두 이,二,2획,8급,8__,이
已,이미 이,己,3획,준3급,3ii,이
以,써 이,人,5획,준5급,5ii,이
耳,귀 이,耳,6획,5급,5__,이
而,말이을 이,而,6획,3급,3__,이
夷,오랑캐 이,大,6획,3급,3__,이
益,더할 익,皿,10획,준4급,4ii,익
翼,날개 익,羽,17획,준3급,3ii,익
寅,범/동방 인,宀,11획,3급,3__,인
認,알 인,言,14획,준4급,4ii,인
人,사람 인,人,2획,8급,8__,인
仁,어질 인,人,4획,4급,4__,인
引,끌 인,弓,4획,준4급,4ii,인
因,인할 인,囗,6획,5급,5__,인
印,도장 인,卩,6획,준4급,4ii,인
忍,참을 인,心,7획,준3급,3ii,인
姻,혼인 인,女,9획,3급,3__,인
逸,편안할 일,辵,12획,준3급,3ii,일
一,한 일,一,1획,8급,8__,일
日,날 일,日,4획,8급,8__,일
賃,품삯 임,貝,13획,준3급,3ii,임
壬,북방 임,士,4획,준3급,3ii,임
任,맡길 임,人,6획,준5급,5ii,임
入,들 입,入,2획,7급,7__,입
恣,마음대로/방자할 자,心,10획,3급,3__,자
玆,이 자,玄,10획,3급,3__,자
紫,자줏빛 자,糸,12획,준3급,3ii,자
慈,사랑 자,心,13획,준3급,3ii,자
資,재물 자,貝,13획,4급,4__,자
子,아들 자,子,3획,준7급,7ii,자
自,스스로 자,自,6획,준7급,7ii,자
字,글자 자,子,6획,7급,7__,자
姉,손윗누이 자,女,8획,4급,4__,자
者,놈 자,老,9획,6급,6__,자
姿,모양 자,女,9획,4급,4__,자
酌,술부을/잔질할 작,酉,10획,3급,3__,작
爵,벼슬 작,爪,18획,3급,3__,작
作,지을 작,人,7획,준6급,6ii,작
昨,어제 작,日,9획,준6급,6ii,작
殘,남을/잔인할 잔,歹,12획,4급,4__,잔
暫,잠깐 잠,日,15획,준3급,3ii,잠
潛,잠길 잠,水,15획,준3급,3ii,잠
雜,섞일 잡,隹,18획,4급,4__,잡
章,글 장,立,11획,6급,6__,장
莊,씩씩할/별장 장,艸,11획,준3급,3ii,장
張,베풀 장,弓,11획,4급,4__,장
帳,장막 장,巾,11획,4급,4__,장
將,장수 장,寸,11획,준4급,4ii,장
場,마당 장,土,12획,준7급,7ii,장
粧,단장할 장,米,12획,준3급,3ii,장
掌,손바닥 장,手,12획,준3급,3ii,장
葬,장사지낼 장,艸,13획,준3급,3ii,장
裝,꾸밀 장,衣,13획,4급,4__,장
腸,창자 장,肉,13획,4급,4__,장
障,막을 장,阜,14획,준4급,4ii,장
獎,장려할 장,犬,15획,4급,4__,장
墻,담 장,土,16획,3급,3__,장
藏,감출 장,艸,18획,준3급,3ii,장
臟,오장 장,肉,22획,준3급,3ii,장
丈,어른 장,一,3획,준3급,3ii,장
壯,장할 장,士,7획,4급,4__,장
長,긴 장,長,8획,8급,8__,장
財,재물 재,貝,10획,준5급,5ii,재
宰,재상 재,宀,10획,3급,3__,재
栽,심을 재,木,10획,준3급,3ii,재
裁,옷마를 재,衣,12획,준3급,3ii,재
載,실을 재,車,13획,준3급,3ii,재
才,재주 재,手,3획,준6급,6ii,재
在,있을 재,土,6획,6급,6__,재
再,두 재,冂,6획,5급,5__,재
材,재목 재,木,7획,준5급,5ii,재
災,재앙 재,火,7획,5급,5__,재
哉,어조사 재,口,9획,3급,3__,재
爭,다툴 쟁,爪,8획,5급,5__,쟁
貯,쌓을 저,貝,12획,5급,5__,저
著,나타날 저,艸,13획,준3급,3ii,저
低,낮을 저,人,7획,준4급,4ii,저
抵,막을 저,手,8획,준3급,3ii,저
底,밑 저,广,8획,4급,4__,저
寂,고요할 적,宀,11획,준3급,3ii,적
笛,피리 적,竹,11획,준3급,3ii,적
跡,발자취 적,足,13획,준3급,3ii,적
賊,도둑 적,貝,13획,4급,4__,적
滴,물방울 적,水,14획,3급,3__,적
摘,딸 적,手,14획,준3급,3ii,적
適,맞을 적,辵,15획,4급,4__,적
敵,대적할 적,攴,15획,준4급,4ii,적
積,쌓을 적,禾,16획,4급,4__,적
績,길쌈 적,糸,17획,4급,4__,적
蹟,자취 적,足,18획,준3급,3ii,적
籍,문서 적,竹,20획,4급,4__,적
赤,붉을 적,赤,7획,5급,5__,적
的,과녁 적,白,8획,준5급,5ii,적
展,펼 전,尸,10획,준5급,5ii,전
專,오로지 전,寸,11획,4급,4__,전
電,번개 전,雨,13획,준7급,7ii,전
傳,전할 전,人,13획,준5급,5ii,전
殿,전각 전,殳,13획,준3급,3ii,전
戰,싸움 전,戈,16획,준6급,6ii,전
錢,돈 전,金,16획,4급,4__,전
轉,구를 전,車,18획,4급,4__,전
田,밭 전,田,5획,준4급,4ii,전
全,온전할 전,入,6획,준7급,7ii,전
典,법 전,八,8획,준5급,5ii,전
前,앞 전,刀,9획,준7급,7ii,전
絶,끊을 절,糸,12획,준4급,4ii,절
節,마디 절,竹,15획,준5급,5ii,절
竊,훔칠 절,穴,22획,3급,3__,절
切,끊을 절|온통 체,刀,4획,준5급,5ii,절
折,꺾을 절,手,7획,4급,4__,절
漸,점점 점,水,14획,준3급,3ii,점
點,점 점,黑,17획,4급,4__,점
占,점령할/점칠 점,卜,5획,4급,4__,점
店,가게 점,广,8획,준5급,5ii,점
接,이을 접,手,11획,준4급,4ii,접
蝶,나비 접,虫,15획,3급,3__,접
庭,뜰 정,广,10획,준6급,6ii,정
情,뜻 정,心,11획,준5급,5ii,정
停,머무를 정,人,11획,5급,5__,정
淨,깨끗할 정,水,11획,준3급,3ii,정
頂,정수리 정,頁,11획,준3급,3ii,정
程,한도/길 정,禾,12획,준4급,4ii,정
精,정할 정,米,14획,준4급,4ii,정
靜,고요할 정,靑,16획,4급,4__,정
整,가지런할 정,攴,16획,4급,4__,정
丁,고무래/장정 정,一,2획,4급,4__,정
井,우물 정,二,4획,준3급,3ii,정
正,바를 정,止,5획,준7급,7ii,정
廷,조정 정,廴,7획,준3급,3ii,정
定,정할 정,宀,8획,6급,6__,정
征,칠 정,彳,8획,준3급,3ii,정
訂,바로잡을 정,言,9획,3급,3__,정
亭,정자 정,亠,9획,준3급,3ii,정
貞,곧을 정,貝,9획,준3급,3ii,정
政,정사 정,攴,9획,준4급,4ii,정
除,덜 제,阜,10획,준4급,4ii,제
第,차례 제,竹,11획,준6급,6ii,제
祭,제사 제,示,11획,준4급,4ii,제
堤,둑 제,土,12획,3급,3__,제
提,끌 제,手,12획,준4급,4ii,제
齊,가지런할 제,齊,14획,준3급,3ii,제
製,지을 제,衣,14획,준4급,4ii,제
際,즈음/가 제,阜,14획,준4급,4ii,제
諸,모두 제,言,16획,준3급,3ii,제
濟,건널 제,水,17획,준4급,4ii,제
題,제목 제,頁,18획,준6급,6ii,제
弟,아우 제,弓,7획,8급,8__,제
制,절제할 제,刀,8획,준4급,4ii,제
帝,임금 제,巾,9획,4급,4__,제
祖,할아비 조,示,10획,7급,7__,조
租,조세 조,禾,10획,준3급,3ii,조
條,가지 조,木,11획,4급,4__,조
組,짤 조,糸,11획,4급,4__,조
鳥,새 조,鳥,11획,준4급,4ii,조
造,지을 조,辵,11획,준4급,4ii,조
朝,아침 조,月,12획,6급,6__,조
照,비칠 조,火,13획,준3급,3ii,조
調,고를 조,言,15획,준5급,5ii,조
潮,밀물/조수 조,水,15획,4급,4__,조
操,잡을 조,手,16획,5급,5__,조
燥,마를 조,火,17획,3급,3__,조
弔,조상할 조,弓,4획,3급,3__,조
兆,억조 조,儿,6획,준3급,3ii,조
早,이를/일찍 조,日,6획,준4급,4ii,조
助,도울 조,力,7획,준4급,4ii,조
族,겨레 족,方,11획,6급,6__,족
足,발 족 / 족할 족,足,7획,준7급,7ii,족
尊,높을 존,寸,12획,준4급,4ii,존
存,있을 존,子,6획,4급,4__,존
卒,마칠/군사 졸,十,8획,준5급,5ii,졸
拙,졸할 졸,手,8획,3급,3__,졸
終,마칠 종,糸,11획,5급,5__,종
從,좇을 종,彳,11획,4급,4__,종
種,씨 종,禾,14획,준5급,5ii,종
縱,세로 종,糸,17획,준3급,3ii,종
鍾,쇠북 종,金,17획,4급,4__,종
宗,마루 종,宀,8획,준4급,4ii,종
座,자리 좌,广,10획,4급,4__,좌
左,왼 좌,工,5획,준7급,7ii,좌
佐,도울 좌,人,7획,3급,3__,좌
坐,앉을 좌,土,7획,준3급,3ii,좌
罪,허물 죄,网,13획,5급,5__,죄
珠,구슬 주,玉,10획,준3급,3ii,주
株,그루 주,木,10획,준3급,3ii,주
酒,술 주,酉,10획,4급,4__,주
晝,낮 주,日,11획,6급,6__,주
週,주일 주,辵,12획,준5급,5ii,주
鑄,쇠불릴 주,金,22획,준3급,3ii,주
主,임금/주인 주,丶,5획,7급,7__,주
州,고을 주,巛,6획,준5급,5ii,주
舟,배 주,舟,6획,3급,3__,주
朱,붉을 주,木,6획,4급,4__,주
住,살 주,人,7획,7급,7__,주
走,달릴 주,走,7획,준4급,4ii,주
注,부을 주,水,8획,준6급,6ii,주
宙,집 주,宀,8획,준3급,3ii,주
周,두루 주,口,8획,4급,4__,주
柱,기둥 주,木,9획,준3급,3ii,주
奏,아뢸 주,大,9획,준3급,3ii,주
洲,물가 주,水,9획,준3급,3ii,주
竹,대 죽,竹,6획,준4급,4ii,죽
準,준할 준,水,13획,준4급,4ii,준
遵,좇을 준,辵,16획,3급,3__,준
俊,준걸 준,人,9획,3급,3__,준
衆,무리 중,血,12획,준4급,4ii,중
中,가운데 중,丨,4획,8급,8__,중
仲,버금 중,人,6획,준3급,3ii,중
重,무거울 중,里,9획,7급,7__,중
卽,곧 즉,卩,9획,준3급,3ii,즉
症,증세 증,疒,10획,준3급,3ii,증
曾,일찍 증,曰,12획,준3급,3ii,증
蒸,찔 증,艸,14획,준3급,3ii,증
憎,미울 증,心,15획,준3급,3ii,증
增,더할 증,土,15획,준4급,4ii,증
贈,줄 증,貝,19획,3급,3__,증
證,증거 증,言,19획,4급,4__,증
紙,종이 지,糸,10획,7급,7__,지
智,슬기/지혜 지,日,12획,4급,4__,지
誌,기록할 지,言,14획,4급,4__,지
遲,더딜/늦을 지,辵,16획,3급,3__,지
止,그칠 지,止,4획,5급,5__,지
之,갈 지,丿,4획,준3급,3ii,지
支,지탱할 지,支,4획,준4급,4ii,지
只,다만 지,口,5획,3급,3__,지
地,땅 지,土,6획,7급,7__,지
池,못 지,水,6획,준3급,3ii,지
至,이를 지,至,6획,준4급,4ii,지
志,뜻 지,心,7획,준4급,4ii,지
知,알 지,矢,8획,준5급,5ii,지
枝,가지 지,木,8획,준3급,3ii,지
持,가질 지,手,9획,4급,4__,지
指,가리킬 지,手,9획,준4급,4ii,지
織,짤 직,糸,18획,4급,4__,직
職,직분 직,耳,18획,준4급,4ii,직
直,곧을 직,目,8획,준7급,7ii,직
振,떨칠 진,手,10획,준3급,3ii,진
陣,진칠 진,阜,10획,4급,4__,진
眞,참 진,目,10획,준4급,4ii,진
陳,베풀/묵을 진,阜,11획,준3급,3ii,진
進,나아갈 진,辵,12획,준4급,4ii,진
盡,다할 진,皿,14획,4급,4__,진
震,우레 진,雨,15획,준3급,3ii,진
鎭,진압할 진,金,18획,준3급,3ii,진
辰,별 진|때 신,辰,7획,준3급,3ii,진
珍,보배 진,玉,9획,4급,4__,진
疾,병 질,疒,10획,준3급,3ii,질
秩,차례 질,禾,10획,준3급,3ii,질
質,바탕 질,貝,15획,준5급,5ii,질
姪,조카 질,女,9획,3급,3__,질
執,잡을 집,土,11획,준3급,3ii,집
集,모을 집,隹,12획,준6급,6ii,집
徵,부를 징,彳,15획,준3급,3ii,징
懲,징계할 징,心,19획,3급,3__,징
茶,차 다/차,艸,10획,준3급,3ii,차
借,빌/빌릴 차,人,10획,준3급,3ii,차
差,다를 차,工,10획,4급,4__,차
且,또 차,一,5획,3급,3__,차
此,이 차,止,6획,준3급,3ii,차
次,버금 차,欠,6획,준4급,4ii,차
車,수레 거/차,車,7획,준7급,7ii,차
捉,잡을 착,手,10획,3급,3__,착
着,붙을 착,目,12획,준5급,5ii,착
錯,어긋날 착,金,16획,준3급,3ii,착
贊,도울 찬,貝,19획,준3급,3ii,찬
讚,기릴 찬,言,26획,4급,4__,찬
察,살필 찰,宀,14획,준4급,4ii,찰
參,참여할 참,厶,11획,준5급,5ii,참
慘,참혹할 참,心,14획,3급,3__,참
慙,부끄러울 참,心,15획,3급,3__,참
倉,곳집 창,人,10획,준3급,3ii,창
窓,창 창,穴,11획,준6급,6ii,창
唱,부를 창,口,11획,5급,5__,창
創,비롯할 창,刀,12획,준4급,4ii,창
暢,화창할 창,日,14획,3급,3__,창
蒼,푸를 창,艸,14획,준3급,3ii,창
昌,창성할 창,日,8획,준3급,3ii,창
彩,채색 채,彡,11획,준3급,3ii,채
採,캘 채,手,11획,4급,4__,채
菜,나물 채,艸,12획,준3급,3ii,채
債,빚 채,人,13획,준3급,3ii,채
責,꾸짖을 책,貝,11획,준5급,5ii,책
策,꾀 책,竹,12획,준3급,3ii,책
冊,책 책,冂,5획,4급,4__,책
處,곳 처,虍,11획,준4급,4ii,처
妻,아내 처,女,8획,준3급,3ii,처
戚,친척 척,戈,11획,준3급,3ii,척
尺,자 척,尸,4획,준3급,3ii,척
斥,물리칠 척,斤,5획,3급,3__,척
刺,찌를 자/척,刀,8획,준3급,3ii,척
拓,넓힐 척,手,8획,준3급,3ii,척
淺,얕을 천,水,11획,준3급,3ii,천
踐,밟을 천,足,15획,준3급,3ii,천
賤,천할 천,貝,15획,준3급,3ii,천
遷,옮길 천,辵,15획,준3급,3ii,천
薦,천거할 천,艸,17획,3급,3__,천
千,일천 천,十,3획,7급,7__,천
川,내 천,巛,3획,7급,7__,천
天,하늘 천,大,4획,7급,7__,천
泉,샘 천,水,9획,4급,4__,천
哲,밝을 철,口,10획,준3급,3ii,철
徹,통할 철,彳,15획,준3급,3ii,철
鐵,쇠 철,金,21획,5급,5__,철
添,더할 첨,水,11획,3급,3__,첨
尖,뾰족할 첨,小,6획,3급,3__,첨
妾,첩 첩,女,8획,3급,3__,첩
淸,맑을 청,水,11획,준6급,6ii,청
晴,갤 청,日,12획,3급,3__,청
請,청할 청,言,15획,준4급,4ii,청
聽,들을 청,耳,22획,4급,4__,청
廳,관청 청,广,25획,4급,4__,청
靑,푸를 청,靑,8획,8급,8__,청
逮,잡을 체,辵,12획,3급,3__,체
替,바꿀 체,曰,12획,3급,3__,체
遞,갈릴 체,辵,14획,3급,3__,체
滯,막힐 체,水,14획,준3급,3ii,체
體,몸 체,骨,23획,준6급,6ii,체
草,풀 초,艸,10획,7급,7__,초
超,뛰어넘을 초,走,12획,준3급,3ii,초
礎,주춧돌 초,石,18획,준3급,3ii,초
初,처음 초,刀,7획,5급,5__,초
抄,뽑을 초,手,7획,3급,3__,초
肖,닮을/같을 초,肉,7획,준3급,3ii,초
招,부를 초,手,8획,4급,4__,초
秒,분초 초,禾,9획,3급,3__,초
燭,촛불 촉,火,17획,3급,3__,촉
觸,닿을 촉,角,20획,준3급,3ii,촉
促,재촉할 촉,人,9획,준3급,3ii,촉
寸,마디 촌,寸,3획,8급,8__,촌
村,마을 촌,木,7획,7급,7__,촌
銃,총 총,金,14획,준4급,4ii,총
聰,귀밝을 총,耳,17획,3급,3__,총
總,다 총,糸,17획,준4급,4ii,총
最,가장 최,曰,12획,5급,5__,최
催,재촉할 최,人,13획,준3급,3ii,최
追,쫓을/따를 추,辵,10획,준3급,3ii,추
推,밀 추,手,11획,4급,4__,추
醜,추할 추,酉,17획,3급,3__,추
抽,뽑을 추,手,8획,3급,3__,추
秋,가을 추,禾,9획,7급,7__,추
祝,빌 축,示,10획,5급,5__,축
畜,짐승 축,田,10획,준3급,3ii,축
逐,쫓을 축,辵,11획,3급,3__,축
蓄,모을 축,艸,14획,준4급,4ii,축
築,쌓을 축,竹,16획,준4급,4ii,축
縮,줄일 축,糸,17획,4급,4__,축
丑,소 축,一,4획,3급,3__,축
春,봄 춘,日,9획,7급,7__,춘
出,날 출,凵,5획,7급,7__,출
衝,찌를 충,行,15획,준3급,3ii,충
蟲,벌레 충,虫,18획,준4급,4ii,충
充,채울 충,儿,6획,준5급,5ii,충
忠,충성 충,心,8획,준4급,4ii,충
臭,냄새 취,自,10획,3급,3__,취
就,나아갈 취,尢,12획,4급,4__,취
醉,취할 취,酉,15획,준3급,3ii,취
趣,뜻 취,走,15획,4급,4__,취
吹,불 취,口,7획,준3급,3ii,취
取,가질 취,又,8획,준4급,4ii,취
側,곁 측,人,11획,준3급,3ii,측
測,헤아릴 측,水,12획,준4급,4ii,측
層,층 층,尸,15획,4급,4__,층
致,이를 치,至,10획,5급,5__,치
値,값 치,人,10획,준3급,3ii,치
恥,부끄러울 치,心,10획,준3급,3ii,치
稚,어릴 치,禾,13획,준3급,3ii,치
置,둘 치,网,13획,준4급,4ii,치
齒,이 치,齒,15획,준4급,4ii,치
治,다스릴 치,水,8획,준4급,4ii,치
則,법칙 칙,刀,9획,5급,5__,칙
親,친할 친,見,16획,6급,6__,친
漆,옻 칠,水,14획,준3급,3ii,칠
七,일곱 칠,一,2획,8급,8__,칠
浸,잠길 침,水,10획,준3급,3ii,침
針,바늘 침,金,10획,4급,4__,침
寢,잘 침,宀,14획,4급,4__,침
沈,잠길 침|성 심,水,7획,준3급,3ii,침
枕,베개 침,木,8획,3급,3__,침
侵,침노할 침,人,9획,준4급,4ii,침
稱,일컬을 칭,禾,14획,4급,4__,칭
快,쾌할 쾌,心,7획,준4급,4ii,쾌
墮,떨어질 타,土,15획,3급,3__,타
他,다를 타,人,5획,5급,5__,타
打,칠 타,手,5획,5급,5__,타
妥,온당할 타,女,7획,3급,3__,타
濁,흐릴 탁,水,16획,3급,3__,탁
濯,씻을 탁,水,17획,3급,3__,탁
托,맡길 탁,手,6획,3급,3__,탁
卓,높을 탁,十,8획,5급,5__,탁
誕,낳을/거짓 탄,言,14획,3급,3__,탄
歎,탄식할 탄,欠,15획,4급,4__,탄
彈,탄알 탄,弓,15획,4급,4__,탄
炭,숯 탄,火,9획,5급,5__,탄
脫,벗을 탈,肉,11획,4급,4__,탈
奪,빼앗을 탈,大,14획,준3급,3ii,탈
貪,탐낼 탐,貝,11획,3급,3__,탐
探,찾을 탐,手,11획,4급,4__,탐
塔,탑 탑,土,13획,준3급,3ii,탑
湯,끓을 탕,水,12획,준3급,3ii,탕
泰,클 태,水,10획,준3급,3ii,태
態,모습 태,心,14획,준4급,4ii,태
太,클 태,大,4획,6급,6__,태
怠,게으를 태,心,9획,3급,3__,태
殆,거의 태,歹,9획,준3급,3ii,태
澤,못 택,水,16획,준3급,3ii,택
擇,가릴 택,手,16획,4급,4__,택
宅,집 택,宀,6획,준5급,5ii,택
討,칠 토,言,10획,4급,4__,토
土,흙 토,土,3획,8급,8__,토
吐,토할 토,口,6획,준3급,3ii,토
兔,토끼 토,儿,8획,준3급,3ii,토
通,통할 통,辵,11획,6급,6__,통
痛,아플 통,疒,12획,4급,4__,통
統,거느릴 통,糸,12획,준4급,4ii,통
退,물러날 퇴,辵,10획,준4급,4ii,퇴
透,사무칠 투,辵,11획,준3급,3ii,투
鬪,싸움 투,鬥,20획,4급,4__,투
投,던질 투,手,7획,4급,4__,투
特,특별할 특,牛,10획,6급,6__,특
破,깨뜨릴 파,石,10획,준4급,4ii,파
頗,자못 파,頁,14획,3급,3__,파
播,뿌릴 파,手,15획,3급,3__,파
罷,마칠 파,网,15획,3급,3__,파
把,잡을 파,手,7획,3급,3__,파
波,물결 파,水,8획,준4급,4ii,파
派,갈래 파,水,9획,4급,4__,파
販,팔 판,貝,11획,3급,3__,판
判,판단할 판,刀,7획,4급,4__,판
板,널 판,木,8획,5급,5__,판
版,판목 판,片,8획,준3급,3ii,판
八,여덟 팔,八,2획,8급,8__,팔
敗,패할 패,攴,11획,5급,5__,패
貝,조개 패,貝,7획,3급,3__,패
偏,치우칠 편,人,11획,준3급,3ii,편
遍,두루 편,辵,13획,3급,3__,편
編,엮을 편,糸,15획,준3급,3ii,편
篇,책 편,竹,15획,4급,4__,편
片,조각 편,片,4획,준3급,3ii,편
便,편할 편|똥오줌 변,人,9획,7급,7__,편
評,평할 평,言,12획,4급,4__,평
平,평평할 평,干,5획,준7급,7ii,평
閉,닫을 폐,門,11획,4급,4__,폐
幣,화폐 폐,巾,15획,3급,3__,폐
廢,폐할/버릴 폐,广,15획,준3급,3ii,폐
弊,폐단/해질 폐,廾,15획,준3급,3ii,폐
蔽,덮을 폐,艸,16획,3급,3__,폐
肺,허파 폐,肉,8획,준3급,3ii,폐
捕,잡을 포,手,10획,준3급,3ii,포
浦,개 포,水,10획,준3급,3ii,포
砲,대포 포,石,10획,준4급,4ii,포
飽,배부를 포,食,14획,3급,3__,포
包,쌀 포,勹,5획,준4급,4ii,포
布,베/펼 포|보시 보,巾,5획,준4급,4ii,포
抱,안을 포,手,8획,3급,3__,포
胞,세포 포,肉,9획,4급,4__,포
幅,폭 폭,巾,12획,3급,3__,폭
暴,사나울 폭|모질 포,日,15획,준4급,4ii,폭
爆,불터질 폭,火,19획,4급,4__,폭
票,표 표,示,11획,준4급,4ii,표
漂,떠다닐 표,水,14획,3급,3__,표
標,표할 표,木,15획,4급,4__,표
表,겉 표,衣,8획,준6급,6ii,표
品,물건 품,口,9획,준5급,5ii,품
楓,단풍 풍,木,13획,준3급,3ii,풍
豊,풍년 풍,豆,13획,준4급,4ii,풍
風,바람 풍,風,9획,준6급,6ii,풍
被,입을 피,衣,10획,준3급,3ii,피
疲,피곤할 피,疒,10획,4급,4__,피
避,피할 피,辵,17획,4급,4__,피
皮,가죽 피,皮,5획,준3급,3ii,피
彼,저 피,彳,8획,준3급,3ii,피
畢,마칠 필,田,11획,준3급,3ii,필
筆,붓 필,竹,12획,준5급,5ii,필
匹,짝 필,匸,4획,3급,3__,필
必,반드시 필,心,5획,준5급,5ii,필
夏,여름 하,夊,10획,7급,7__,하
荷,멜 하,艸,11획,준3급,3ii,하
賀,하례할 하,貝,12획,준3급,3ii,하
下,아래 하,一,3획,준7급,7ii,하
何,어찌 하,人,7획,준3급,3ii,하
河,물 하,水,8획,5급,5__,하
學,배울 학,子,16획,8급,8__,학
鶴,학 학,鳥,21획,준3급,3ii,학
寒,찰 한,宀,12획,5급,5__,한
閑,한가할 한,門,12획,4급,4__,한
漢,한수/한나라 한,水,14획,준7급,7ii,한
韓,나라이름 한,韋,17획,8급,8__,한
汗,땀 한,水,6획,준3급,3ii,한
旱,가물 한,日,7획,3급,3__,한
恨,한 한,心,9획,4급,4__,한
限,한할 한,阜,9획,준4급,4ii,한
割,벨 할,刀,12획,준3급,3ii,할
陷,빠질 함,阜,11획,준3급,3ii,함
含,머금을 함,口,7획,준3급,3ii,함
咸,다 함,口,9획,3급,3__,함
合,합할 합,口,6획,6급,6__,합
航,배 항,舟,10획,준4급,4ii,항
項,항목 항,頁,12획,준3급,3ii,항
港,항구 항,水,12획,준4급,4ii,항
抗,겨룰 항,手,7획,4급,4__,항
巷,거리 항,己,9획,3급,3__,항
恒,항상 항,心,9획,준3급,3ii,항
海,바다 해,水,10획,준7급,7ii,해
害,해할 해,宀,10획,준5급,5ii,해
奚,어찌 해,大,10획,3급,3__,해
該,갖출/마땅 해,言,13획,3급,3__,해
解,풀 해,角,13획,준4급,4ii,해
亥,돼지 해,亠,6획,3급,3__,해
核,씨 핵,木,10획,4급,4__,핵
行,다닐 행|항렬 항,行,6획,6급,6__,행
幸,다행 행,干,8획,준6급,6ii,행
鄕,시골 향,邑,13획,준4급,4ii,향
響,울릴 향,音,22획,준3급,3ii,향
向,향할 향,口,6획,6급,6__,향
享,누릴 향,亠,8획,3급,3__,향
香,향기 향,香,9획,준4급,4ii,향
許,허락할 허,言,11획,5급,5__,허
虛,빌 허,虍,12획,준4급,4ii,허
軒,집 헌,車,10획,3급,3__,헌
憲,법 헌,心,16획,4급,4__,헌
獻,드릴 헌,犬,20획,준3급,3ii,헌
險,험할 험,阜,16획,4급,4__,험
驗,시험 험,馬,23획,준4급,4ii,험
革,가죽 혁,革,9획,4급,4__,혁
現,나타날 현,玉,11획,준6급,6ii,현
絃,줄 현,糸,11획,3급,3__,현
賢,어질 현,貝,15획,준4급,4ii,현
縣,고을 현,糸,16획,3급,3__,현
懸,달 현,心,20획,준3급,3ii,현
顯,나타날 현,頁,23획,4급,4__,현
玄,검을 현,玄,5획,준3급,3ii,현
穴,굴 혈,穴,5획,준3급,3ii,혈
血,피 혈,血,6획,준4급,4ii,혈
嫌,싫어할 혐,女,13획,3급,3__,혐
脅,위협할 협,肉,10획,준3급,3ii,협
協,화할 협,十,8획,준4급,4ii,협
螢,반딧불 형,虫,16획,3급,3__,형
衡,저울대 형,行,16획,준3급,3ii,형
兄,형 형,儿,5획,8급,8__,형
刑,형벌 형,刀,6획,4급,4__,형
形,모양 형,彡,7획,준6급,6ii,형
亨,형통할 형,亠,7획,3급,3__,형
惠,은혜 혜,心,12획,준4급,4ii,혜
慧,슬기로울 혜,心,15획,준3급,3ii,혜
兮,어조사 혜,八,4획,3급,3__,혜
浩,넓을 호,水,10획,준3급,3ii,호
毫,가는털 호,毛,11획,3급,3__,호
湖,호수 호,水,12획,5급,5__,호
號,이름 호,虍,13획,6급,6__,호
豪,호걸 호,豕,14획,준3급,3ii,호
護,도울 호,言,21획,준4급,4ii,호
互,서로 호,二,4획,3급,3__,호
戶,집 호,戶,4획,준4급,4ii,호
乎,어조사 호,丿,5획,3급,3__,호
好,좋을 호,女,6획,준4급,4ii,호
虎,범 호,虍,8획,준3급,3ii,호
呼,부를 호,口,8획,준4급,4ii,호
胡,되 호,肉,9획,준3급,3ii,호
惑,미혹할 혹,心,12획,준3급,3ii,혹
或,혹 혹,戈,8획,4급,4__,혹
婚,혼인할 혼,女,11획,4급,4__,혼
混,섞을 혼,水,11획,4급,4__,혼
魂,넋 혼,鬼,14획,준3급,3ii,혼
昏,어두울 혼,日,8획,3급,3__,혼
忽,갑자기 홀,心,8획,준3급,3ii,홀
鴻,기러기 홍,鳥,17획,3급,3__,홍
弘,클 홍,弓,5획,3급,3__,홍
洪,넓을 홍,水,9획,준3급,3ii,홍
紅,붉을 홍,糸,9획,4급,4__,홍
華,빛날 화,艸,11획,4급,4__,화
貨,재물 화,貝,11획,준4급,4ii,화
畫,그림 화|그을 획,田,12획,6급,6__,화
話,말씀 화,言,13획,준7급,7ii,화
禍,재앙 화,示,14획,준3급,3ii,화
火,불 화,火,4획,8급,8__,화
化,될 화,匕,4획,준5급,5ii,화
禾,벼 화,禾,5획,3급,3__,화
花,꽃 화,艸,8획,7급,7__,화
和,화할 화,口,8획,준6급,6ii,화
確,굳을 확,石,15획,준4급,4ii,확
擴,넓힐 확,手,18획,3급,3__,확
穫,거둘 확,禾,19획,3급,3__,확
患,근심 환,心,11획,5급,5__,환
換,바꿀 환,手,12획,준3급,3ii,환
還,돌아올 환,辵,17획,준3급,3ii,환
環,고리 환,玉,17획,4급,4__,환
歡,기쁠 환,欠,22획,4급,4__,환
丸,둥글 환,丶,3획,3급,3__,환
活,살 활,水,9획,준7급,7ii,활
荒,거칠 황,艸,10획,준3급,3ii,황
黃,누를 황,黃,12획,6급,6__,황
況,상황 황,水,8획,4급,4__,황
皇,임금 황,白,9획,준3급,3ii,황
悔,뉘우칠 회,心,10획,준3급,3ii,회
會,모일 회,曰,13획,준6급,6ii,회
懷,품을 회,心,19획,준3급,3ii,회
灰,재 회,火,6획,4급,4__,회
回,돌아올 회,囗,6획,준4급,4ii,회
劃,그을 획,刀,14획,준3급,3ii,획
獲,얻을 획,犬,17획,준3급,3ii,획
橫,가로 횡,木,16획,준3급,3ii,횡
效,본받을 효,攴,10획,준5급,5ii,효
曉,새벽 효,日,16획,3급,3__,효
孝,효도 효,子,7획,준7급,7ii,효
候,기후 후,人,10획,4급,4__,후
後,뒤 후,彳,9획,준7급,7ii,후
侯,제후 후,人,9획,3급,3__,후
厚,두터울 후,厂,9획,4급,4__,후
訓,가르칠 훈,言,10획,6급,6__,훈
毁,헐 훼,殳,13획,3급,3__,훼
揮,휘두를 휘,手,12획,4급,4__,휘
輝,빛날 휘,車,15획,3급,3__,휘
携,이끌 휴,手,13획,3급,3__,휴
休,쉴 휴,人,6획,7급,7__,휴
胸,가슴 흉,肉,10획,준3급,3ii,흉
凶,흉할 흉,凵,4획,준5급,5ii,흉
黑,검을 흑,黑,12획,5급,5__,흑
吸,마실 흡,口,7획,준4급,4ii,흡
興,일 흥,臼,16획,준4급,4ii,흥
稀,드물 희,禾,12획,준3급,3ii,희
喜,기쁠 희,口,12획,4급,4__,희
戲,놀이 희,戈,17획,준3급,3ii,희
希,바랄 희,巾,7획,준4급,4ii,희
